"sku","nombre_original","referencia_original","marca_original","stock_original","unidad_original","categoria_original","prioridad_revision","grupo_motivo","motivo_principal","informacion_necesaria","base_de_la_revision","fuentes_verificadas"
"5179","PEGANTE CARPINCOL 20 KILOS CANECA","0404143","Sin marca","5","galón","Adhesivos y Sellantes","Alta","Conflicto de especificación o variante","Especificación en conflicto por confirmar","Confirmar unidad y contenido vendido antes de mostrar el envase completo con ese precio.","Catálogo: Título: caneca completa de 20 kg / 4.5 galones; unidad: galón. Fuente consultada: Foto de caneca completa no demuestra cantidad vendida al precio por galón. La diferencia no determina por sí sola qué dato corresponde al inventario.","https://www.carpincentro.com/pegante-carpincol-mr-60-madera-balde-de-20-kilos-ref-404143-ljtoc.html
https://tecnifacil.com.co/producto/pl-285-4/"
"5198","PEGANTE PL-285 CANECA METALICA 4.5GALONES","0404153","Sin marca","5","galón","Adhesivos y Sellantes","Alta","Conflicto de especificación o variante","Especificación en conflicto por confirmar","Confirmar unidad y contenido vendido antes de mostrar el envase completo con ese precio.","Catálogo: Título: caneca completa de 20 kg / 4.5 galones; unidad: galón. Fuente consultada: Foto de caneca completa no demuestra cantidad vendida al precio por galón. La diferencia no determina por sí sola qué dato corresponde al inventario.","https://www.carpincentro.com/pegante-carpincol-mr-60-madera-balde-de-20-kilos-ref-404143-ljtoc.html
https://tecnifacil.com.co/producto/pl-285-4/"
"0664","CERRADURA INAFER C-999 DERECHA","PTI02021VC","Sin marca","4","unidad","Cerrajería","Alta","Conflicto de especificación o variante","Especificación en conflicto por confirmar","Confirmar sufijo y mano. Una imagen izquierda no se espeja para fabricar la derecha.","Catálogo: Inafer C999 derecha PTI02021VC. Fuente consultada: Fuente derecha encontrada: PTI02021VB; otra imagen comercial mostraba lado izquierdo. La diferencia no determina por sí sola qué dato corresponde al inventario.","https://www.homecenter.com.co/homecenter-co/product/04441/cerradura-c999-derecha-70mm-soldar/04441/"
"13533","CERRADURA YALE SOBREPONER 107-10 IZQUIERDA","7193","YALE","5","unidad","Cerrajería","Alta","Identidad o especificación insuficiente","Especificación en conflicto por confirmar","Confirmar modelo Yale 107-10 o 107-70 y referencia 7193 en el inventario; aportar original inequívoco de mano izquierda.","La referencia de fuente 7193 se identifica como 107-70, frente a 107-10 local. Las fotos de las manos izquierda/derecha también se reutilizan.",""
"13316","DILATADOR HUECO ACERO 25MMX25MM","GA02H2-DIL25*25","Sin marca","32","unidad","Ferretería General","Alta","Conflicto de especificación o variante","Especificación en conflicto por confirmar","Confirmar diámetro, altura y referencia GA02H2 con etiqueta o medición del producto; aportar foto de la pieza hueca exacta.","Las fuentes consultadas asocian GA02H2 con 25 × 30 mm; el título local dice 25 × 25 mm.",""
"15042","AVELLANADOR WELLDONE 5 MM","12222","Sin marca","1","unidad","Ferretería General","Alta","Conflicto de especificación o variante","Especificación en conflicto por confirmar","Confirmar código o diámetro; no reemplazar por12226.","Catálogo: Welldone12222 anunciada 5 mm. Fuente consultada: Catálogo fabricante: 3.5 mm. La diferencia no determina por sí sola qué dato corresponde al inventario.","https://welldonetools.com/avellanador-para-madera-de-uso-profesional/
https://welldonetools.com/
https://welldonetools.com/avellanador-para-metal-con-broca-ajustable-de-perforacion-mca-18/"
"2267","REGISTRO BOLA 3/8","PAS-1/2","Sin marca","1","Consultar unidad","Fontanería","Alta","Conflicto de especificación o variante","Especificación en conflicto por confirmar","Confirmar diámetro real de conexión antes de elegir la imagen. Indicar también la cantidad/unidad vendida.","Catálogo: Título: registro 3/8; referencia PAS-1/2. Fuente consultada: La propia ficha combina dos medidas. La diferencia no determina por sí sola qué dato corresponde al inventario.",""
"1104","PORTAVASOS REJIPLAS 80CM BLANCO","35050","Sin marca","8","unidad","Herrajes para Muebles","Alta","Conflicto de especificación o variante","Especificación en conflicto por confirmar","Confirmar si la referencia 35050 corresponde al portavasos o al platero con ganchos; aportar foto del artículo real y etiqueta.","La fuente Rejiplas 35050 identifica un platero de 80 cm con ganchos para vasos; el título local lo denomina portavasos.",""
"11826","CORREDERA EXT. FEH PUSH 50CM 20"" 37KG","6639","FLEXON","2","conjunto","Herrajes para Muebles","Alta","Identidad o especificación insuficiente","Especificación en conflicto por confirmar","Confirmar si el inventario es push-to-open y fotografiar su etiqueta/mecanismo. No sustituir una corredera estándar.","Catálogo: Corredera PUSH de 37 kg; referencias 6637/6639/6638/6635. Fuente consultada: Las fichas actuales FEH dicen XT PESADO y no confirman PUSH; hay otras referencias en PUSH TO OPEN. La diferencia no determina por sí sola qué dato corresponde al inventario.","https://flexoneh.com.co/producto/riel-xt-pesado-500mm-2/"
"11954","CORREDERA EXT. DUCASSE 35CM 14"" CIERRE LENTO 50KG","CLD35-  4010031100","Sin marca","4","conjunto","Herrajes para Muebles","Alta","Conflicto de especificación o variante","Especificación en conflicto por confirmar","Confirmar generación y carga del inventario; los códigos por sí solos no resuelven la diferencia.","Catálogo: Carga anunciada: 50 kg. Fuente consultada: Ducasse actual: 35 kg por par para los mismos códigos. La diferencia no determina por sí sola qué dato corresponde al inventario.","https://ducasseindustrial.com/co/product/corredera-telescopica-cierre-suave/
https://ducasseindustrial.com/mx/productos/corredera-telescopica-cierre-suave/
https://ducasseindustrial.com/mx/wp-content/uploads/sites/21/wpallimport/files/MX_4010031100_FICHA.pdf"
"1207","CORREDERA EXT. FEH PUSH 40CM 16"" 37KG","FEH-PU16 6637","Sin marca","16","conjunto","Herrajes para Muebles","Alta","Conflicto de especificación o variante","Especificación en conflicto por confirmar","Confirmar si el inventario es push-to-open y fotografiar su etiqueta/mecanismo. No sustituir una corredera estándar.","Catálogo: Corredera PUSH de 37 kg; referencias 6637/6639/6638/6635. Fuente consultada: Las fichas actuales FEH dicen XT PESADO y no confirman PUSH; hay otras referencias en PUSH TO OPEN. La diferencia no determina por sí sola qué dato corresponde al inventario.","https://flexoneh.com.co/producto/riel-xt-pesado-500mm-2/"
"12221","CORREDERA EXT. FEH PUSH 45CM 18"" 37KG","FEH-PU18 - 6638","FLEXON","16","conjunto","Herrajes para Muebles","Alta","Identidad o especificación insuficiente","Especificación en conflicto por confirmar","Confirmar si el inventario es push-to-open y fotografiar su etiqueta/mecanismo. No sustituir una corredera estándar.","Catálogo: Corredera PUSH de 37 kg; referencias 6637/6639/6638/6635. Fuente consultada: Las fichas actuales FEH dicen XT PESADO y no confirman PUSH; hay otras referencias en PUSH TO OPEN. La diferencia no determina por sí sola qué dato corresponde al inventario.","https://flexoneh.com.co/producto/riel-xt-pesado-500mm-2/"
"13762","CORREDERA EXT MOB 50 INVISIBLE 75 LIBRAS","HRE790-50.","Sin marca","1","Consultar unidad","Herrajes para Muebles","Alta","Conflicto de especificación o variante","Especificación en conflicto por confirmar","Confirmar marca, generación y carga. La coincidencia de otro SKU Bonuit no resuelve este inventario. Indicar también la cantidad/unidad vendida.","Catálogo: Mobile HRE790-50; 75 libras. Fuente consultada: Mismo código actual: Bonuit, 30 kg. La diferencia no determina por sí sola qué dato corresponde al inventario.","https://madecentro.com/products/riel-corredera-para-cajon-montaje-bajo-cierre-lento-extension-total-30-kg"
"14050","CAZUELA QUAL RECTANGULA INOX 115X42X11","Q2309L","Sin marca","1","unidad","Herrajes para Muebles","Alta","Conflicto de especificación o variante","Especificación en conflicto por confirmar","Confirmar dimensiones de Q2309L y aportar original sin sobreimpresiones del tirador 115 × 42 × 11 mm del inventario.","La tabla de proveedor consultada indica 115 × 40, frente a 115 × 42 × 11 del catálogo; tampoco se obtuvo original limpio de la variante exacta.",""
"15244","BISAGRA PARCHE DUCASSE C.L CON CLICK (PAR)","3010111012","Sin marca","50.5","numero de pares","Herrajes para Muebles","Alta","Identidad o especificación insuficiente","Especificación en conflicto por confirmar","Confirmar montaje clip-on frente a slide-on.","Catálogo: Bisagra de cierre lento CON CLICK; 3010111012. Fuente consultada: Ducasse identifica 3010111012 como Classic Slide-on. La diferencia no determina por sí sola qué dato corresponde al inventario.","https://ducasseindustrial.com/ar/product/bisagra-cierre-suave-classic/"
"15815","COCINA CANASTA AJUSTABLE 66 CIERRE LENTO WS1101S.070","WB1101S.070","Sin marca","1","unidad","Herrajes para Muebles","Alta","Conflicto de especificación o variante","Especificación en conflicto por confirmar","Confirmar si el código es WS1101S.070 o WB1101S.070 y la configuración de 66 cm con cierre lento; aportar etiqueta/ficha.","Título y referencia local usan prefijos distintos WS/WB; no quedó verificada la variante .070.",""
"15920","CORREDERA EXT. FEH PUSH 30CM 12"" 37KG","6635","FLEXON","8","conjunto","Herrajes para Muebles","Alta","Identidad o especificación insuficiente","Especificación en conflicto por confirmar","Confirmar si el inventario es push-to-open y fotografiar su etiqueta/mecanismo. No sustituir una corredera estándar.","Catálogo: Corredera PUSH de 37 kg; referencias 6637/6639/6638/6635. Fuente consultada: Las fichas actuales FEH dicen XT PESADO y no confirman PUSH; hay otras referencias en PUSH TO OPEN. La diferencia no determina por sí sola qué dato corresponde al inventario.","https://flexoneh.com.co/producto/riel-xt-pesado-500mm-2/"
"2049","MANIJA PM-0192 128MM","PM-0191-128","Sin marca","11","unidad","Herrajes para Muebles","Alta","Conflicto de especificación o variante","Especificación en conflicto por confirmar","Confirmar si la manija es PM-0192 o PM-0191-128, su acabado y separación entre centros; aportar etiqueta y foto.","El título local dice PM-0192 y la referencia PM-0191-128. No hay evidencia que determine cuál corresponde al inventario.",""
"6002","ESCUADRA MUEBLE 42 M.M. FUERTE ES-100","ES-100","Sin marca","513","unidad","Herrajes para Muebles","Alta","Conflicto de especificación o variante","Especificación en conflicto por confirmar","Confirmar dimensiones y acabado de ES-100 en la pieza/etiqueta; aportar foto individual del artículo de 42 mm anunciado.","La ficha Fuerte consultada indica 19 × 41 mm y la galería mezcla acabados; el título local dice 42 mm.",""
"7226","CORREDERA EXT. DUCASSE 50CM 20"" 50KG","10100710500 3032-20D","Sin marca","5","conjunto","Herrajes para Muebles","Alta","Conflicto de especificación o variante","Especificación en conflicto por confirmar","Confirmar generación y carga del inventario con ficha o empaque antes de asignar imagen/corregir ficha.","Catálogo: Carga anunciada: 50 kg. Fuente consultada: Ducasse actual: 45 kg por par para los mismos códigos. La diferencia no determina por sí sola qué dato corresponde al inventario.","https://ducasseindustrial.com/co/product/corredera-telescopica/"
"7241","BISAGRA INDUMA P/MUEBLE 2.1/2 COBRE(PAR)","10964343254-T1105-0043","Sin marca","1.5","numero de pares","Herrajes para Muebles","Alta","Conflicto de especificación o variante","Especificación en conflicto por confirmar","Confirmar acabado cobre o latonado/dorado en el empaque Induma T1105-0043; aportar foto del par real.","La referencia encontrada se describe como latonada/dorada, mientras el título local indica cobre.",""
"7610","COCINA PERFIL BOLILLO 07MM 3MTS OVALADO","HTU432-05","Sin marca","23","unidad","Herrajes para Muebles","Alta","Conflicto de especificación o variante","Especificación en conflicto por confirmar","Confirmar sección y medidas del perfil HTU432-05: significado de 07MM y ancho/alto del tubo ovalado, con etiqueta o dibujo acotado.","La fuente de HTU432-05 describe tubo ovalado de 15 × 30 mm y 3 m; el título local dice perfil bolillo 07MM.",""
"8165","CORREDERA EXT. DUCASSE 45CM 18"" 50KG","3032-18D - 10100710450","Sin marca","7","conjunto","Herrajes para Muebles","Alta","Conflicto de especificación o variante","Especificación en conflicto por confirmar","Confirmar generación y carga del inventario con ficha o empaque antes de asignar imagen/corregir ficha.","Catálogo: Carga anunciada: 50 kg. Fuente consultada: Ducasse actual: 45 kg por par para los mismos códigos. La diferencia no determina por sí sola qué dato corresponde al inventario.","https://ducasseindustrial.com/co/product/corredera-telescopica/"
"8496","CORREDERA EXT. DUCASSE 35CM 14"" 50KG","3032-14D  10100710350","Sin marca","9","conjunto","Herrajes para Muebles","Alta","Conflicto de especificación o variante","Especificación en conflicto por confirmar","Confirmar generación y carga del inventario con ficha o empaque antes de asignar imagen/corregir ficha.","Catálogo: Carga anunciada: 50 kg. Fuente consultada: Ducasse actual: 45 kg por par para los mismos códigos. La diferencia no determina por sí sola qué dato corresponde al inventario.","https://ducasseindustrial.com/co/product/corredera-telescopica/"
"8497","CORREDERA EXT. DUCASSE 40CM 16"" 50KG","3032-16D - 10100710400","Sin marca","13","conjunto","Herrajes para Muebles","Alta","Conflicto de especificación o variante","Especificación en conflicto por confirmar","Confirmar generación y carga del inventario con ficha o empaque antes de asignar imagen/corregir ficha.","Catálogo: Carga anunciada: 50 kg. Fuente consultada: Ducasse actual: 45 kg por par para los mismos códigos. La diferencia no determina por sí sola qué dato corresponde al inventario.","https://ducasseindustrial.com/co/product/corredera-telescopica/"
"8639","CORREDERA EXT. DUCASSE 30CM 12"" 50KG","3032-12D - 10100710300","Sin marca","8","conjunto","Herrajes para Muebles","Alta","Conflicto de especificación o variante","Especificación en conflicto por confirmar","Confirmar generación y carga del inventario con ficha o empaque antes de asignar imagen/corregir ficha.","Catálogo: Carga anunciada: 50 kg. Fuente consultada: Ducasse actual: 45 kg por par para los mismos códigos. La diferencia no determina por sí sola qué dato corresponde al inventario.","https://ducasseindustrial.com/co/product/corredera-telescopica/"
"9091","MANIJA PM-0129 96MM PAVONADA","PM-0129-96","Sin marca","105","unidad","Herrajes para Muebles","Alta","Conflicto de especificación o variante","Especificación en conflicto por confirmar","Confirmar acabado pavonado o latonado de Fantaxias PM-0129-96 con etiqueta y foto individual.","La fuente de la referencia consultada la describe como latonada; el título local especifica pavonada.",""
"9122","CORREDERA EXT. DUCASSE 40CM 16"" CIERRE LENTO 50KG","CLD40 - 4010031105","Sin marca","6","conjunto","Herrajes para Muebles","Alta","Conflicto de especificación o variante","Especificación en conflicto por confirmar","Confirmar generación y carga del inventario; los códigos por sí solos no resuelven la diferencia.","Catálogo: Carga anunciada: 50 kg. Fuente consultada: Ducasse actual: 35 kg por par para los mismos códigos. La diferencia no determina por sí sola qué dato corresponde al inventario.","https://ducasseindustrial.com/co/product/corredera-telescopica-cierre-suave/
https://www.ducasseindustrial.com/mx/wp-content/uploads/sites/21/wpallimport/files/MX_4010031100_FICHA"
"9123","CORREDERA EXT. DUCASSE 45CM 18"" CIERRE LENTO 50KG","CLD45 - 4010031110  CSD45","Sin marca","14","conjunto","Herrajes para Muebles","Alta","Conflicto de especificación o variante","Especificación en conflicto por confirmar","Confirmar generación y carga del inventario; los códigos por sí solos no resuelven la diferencia.","Catálogo: Carga anunciada: 50 kg. Fuente consultada: Ducasse actual: 35 kg por par para los mismos códigos. La diferencia no determina por sí sola qué dato corresponde al inventario.","https://ducasseindustrial.com/co/product/corredera-telescopica-cierre-suave/
https://www.ducasseindustrial.com/mx/wp-content/uploads/sites/21/wpallimport/files/MX_4010031100_FICHA"
"9124","CORREDERA EXT. DUCASSE 50CM 20"" CIERRE LENTO 50KG","CLD50 - 4010031115","Sin marca","28","conjunto","Herrajes para Muebles","Alta","Conflicto de especificación o variante","Especificación en conflicto por confirmar","Confirmar generación y carga del inventario; los códigos por sí solos no resuelven la diferencia.","Catálogo: Carga anunciada: 50 kg. Fuente consultada: Ducasse actual: 35 kg por par para los mismos códigos. La diferencia no determina por sí sola qué dato corresponde al inventario.","https://ducasseindustrial.com/co/product/corredera-telescopica-cierre-suave/
https://www.ducasseindustrial.com/mx/wp-content/uploads/sites/21/wpallimport/files/MX_4010031100_FICHA"
"0188","TELA ESMERIL PARA MOLDURA R243 4X25MM A-120","0219115","Sin marca","27.2","metro","Herramientas","Alta","Conflicto de especificación o variante","Especificación en conflicto por confirmar","Confirmar ancho, longitud y unidad dimensional de la etiqueta R243: el título dice 4X25MM. Indicar si se vende por metro y aportar una foto del rollo real y de su etiqueta.","El catálogo dice 4X25MM y venta por metro; las fuentes consultadas describen rollos de 4 pulgadas por 25 metros. Esa diferencia no se corrigió por suposición.",""
"0192","TELA ESMERIL PARA MOLDURA R243 4X25MM A-80","0219105","Sin marca","3","metro","Herramientas","Alta","Conflicto de especificación o variante","Especificación en conflicto por confirmar","Confirmar ancho, longitud y unidad dimensional de la etiqueta R243: el título dice 4X25MM. Indicar si se vende por metro y aportar una foto del rollo real y de su etiqueta.","El catálogo dice 4X25MM y venta por metro; las fuentes consultadas describen rollos de 4 pulgadas por 25 metros. Esa diferencia no se corrigió por suposición.",""
"12511","FRESA AEG CORTE RECTO 5/16 ESP 1/4","MD120","Sin marca","1","Consultar unidad","Herramientas","Alta","Conflicto de especificación o variante","Especificación en conflicto por confirmar","Confirmar fabricante AEG o A.G.E./Amana y referencia MD120 en la etiqueta; aportar original de la fresa de 5/16 con espigo de 1/4. Indicar también la cantidad/unidad vendida.","La referencia MD120 se encontró como A.G.E./Amana, mientras el título local dice AEG. Además, las imágenes candidatas correspondían a otros productos.",""
"13490","JUEGO SIERRA COPAS 3PZ INSTALAR CERRADURAS","894758","Sin marca","3","conjunto","Herramientas","Alta","Conflicto de especificación o variante","Especificación en conflicto por confirmar","Confirmar si el kit 894758 vendido contiene 3 o 4 piezas e identificar cada componente con foto del empaque.","La fuente de la referencia 894758 describe un kit de 4 piezas; el título local indica 3 piezas.",""
"3531","LIMA BAHCO MEDIACAA 10"" 1-210-10-1-2","1-210-10-1-3","BAHCO","2","Consultar unidad","Herramientas","Alta","Conflicto de especificación o variante","Especificación en conflicto por confirmar","Confirmar en la etiqueta si la referencia Bahco termina en 1-2 o en 1-3 y el tipo de mango/empaque; aportar original de esa variante. Indicar también la cantidad/unidad vendida.","Título y referencia del catálogo contienen sufijos diferentes. Las fuentes no determinan cuál corresponde al inventario.",""
"4828","DISCO DW FINO CORTE 4.1/2 T1 0.45","DW8062","Sin marca","37","unidad","Herramientas","Alta","Conflicto de especificación o variante","Especificación en conflicto por confirmar","Confirmar espesor real y unidad de DW8062 en la etiqueta: el título dice 0.45 y la fuente .045 pulgadas.","Se observó diferencia decimal entre el espesor del título local y la ficha de DW8062; no se corrigió automáticamente.",""
"6275","GUANTE POLIPROPILENO NEGRO-TALLA 8-9-10","15N72","Sin marca","7","numero de pares","Seguridad Industrial","Alta","Conflicto de especificación o variante","Especificación en conflicto por confirmar","Confirmar material del guante 15N72 y talla concreta vendida, o si la fila agrupa 8/9/10; aportar etiqueta y foto de la variante.","La fuente 15N72 lo describe como nylon con palma de poliuretano; el título local dice polipropileno y agrupa tres tallas.",""
"8688","CLAVILLO SENCO 1/2 AY08EAA","CAYN008","Sin marca","14","Caja","Tornillería y Fijación","Alta","Conflicto de especificación o variante","Especificación en conflicto por confirmar","Confirmar código y tipo de cabeza en caja. No sustituir AY por AZ.","Catálogo: Senco AY08EAA de 1/2 pulgada. Fuente consultada: Tabla actual: AZ08EAA de 1/2 sin cabeza; AY empieza con AY10 de 5/8. La diferencia no determina por sí sola qué dato corresponde al inventario.","https://www.senco.com/senco-fastener/18-ga-straight-strip-brad-nails/"
"10747","PEGANTE PL-285 5LITROS","PL285X5LT","Sin marca","1","unidad","Adhesivos y Sellantes","Media","Conflicto de especificación o variante","Identificación insuficiente","Confirmar etiqueta/familia; no elegir Madera por semejanza de nombre.","Catálogo: PL285 sin familia; botella 750 ml o envase 5 L. Fuente consultada: Existen familias PL285 Madera y Profesional; volumen no resolvió identidad. La diferencia no determina por sí sola qué dato corresponde al inventario.","https://afix.com.co/productos/afix-pl285-madera/
https://www.jordanbrans.com/producto/pegante-pl285-profesional-x-750-ml/
https://www.ferreton.com.co/producto/pegante-pl285/"
"5203","PEGANTE PL-285 750 BOTELLA","PL-285 BOTELLA","Sin marca","1","unidad","Adhesivos y Sellantes","Media","Conflicto de especificación o variante","Identificación insuficiente","Confirmar etiqueta/familia; no elegir Madera por semejanza de nombre.","Catálogo: PL285 sin familia; botella 750 ml o envase 5 L. Fuente consultada: Existen familias PL285 Madera y Profesional; volumen no resolvió identidad. La diferencia no determina por sí sola qué dato corresponde al inventario.","https://afix.com.co/productos/afix-pl285-madera/
https://www.jordanbrans.com/producto/pegante-pl285-profesional-x-750-ml/
https://www.ferreton.com.co/producto/pegante-pl285/"
"0429","BISAGRA DOBLE ACCION 4"" ACERO (PAR)","DOBLE","Sin marca","3","numero de pares","Cerrajería","Media","Identidad o especificación insuficiente","Identificación insuficiente","Confirmar modelo, medida y acabado con foto del producto y empaque. La foto debe corresponder al par vendido.","La publicación anterior y el registro actual describen medidas o acabados distintos. No se tomó la imagen histórica como prueba del inventario actual.",""
"0431","BISAGRA DOBLE ACCION SATINADA 3"" (PAR) REF 1010-1","1010-1","Sin marca","4","numero de pares","Cerrajería","Media","Identidad o especificación insuficiente","Identificación insuficiente","Confirmar modelo, medida y acabado con foto del producto y empaque. La foto debe corresponder al par vendido.","La publicación anterior y el registro actual describen medidas o acabados distintos. No se tomó la imagen histórica como prueba del inventario actual.",""
"0651","CERRADURA MUEBLE 138 19X32 CILINDRO LARGO","138-19X  138X19","Sin marca","37","unidad","Cerrajería","Media","Identidad o especificación insuficiente","Identificación insuficiente","Aportar etiqueta o ficha de compra que identifique fabricante y modelo completo, acabado, mano, backset/medidas y función de ambas caras (llave, mariposa o privacidad), junto con foto del artículo real.","La imagen encontrada es compartida o agrupa variantes; no acredita por sí sola las medidas, acabado o configuración exactos de este SKU.",""
"0900","CERRADURA VERA 1550 CAJON COB","10009","VERA","16","unidad","Cerrajería","Media","Identidad o especificación insuficiente","Identificación insuficiente","Aclarar qué acabado significa COB en este inventario y aportar etiqueta y foto individual de la VERA 1550, referencia 10009.","La fuente usa el término latonada y la imagen mezcla acabados. No se interpretó la abreviatura COB.",""
"10001","KL CERRRADURA INCRUSTRA PASADOR CUADRADO 45MM NEGRO CON CILINDRO C1300-60 LLAVE-LLAVE","KL45N","KL","2","unidad","Cerrajería","Media","Identidad o especificación insuficiente","Identificación insuficiente","Confirmar los códigos del cuerpo y del cilindro incluidos, longitud, backset y función llave-llave o llave-mariposa. Aportar foto del combo completo vendido.","Las fuentes muestran cuerpos o combinaciones con otros cilindros; no quedó acreditada la composición exacta del combo.",""
"10965","CERRADURA VERA OMBLIGO 22MM NOVO","7709","VERA","32","unidad","Cerrajería","Media","Identidad o especificación insuficiente","Identificación insuficiente","Confirmar diámetro real de 22 mm en la etiqueta o ficha de VERA 7709 Nuovo y aportar fotografía individual con medida verificable.","La referencia 7709 coincide con una familia Nuovo, pero no quedó verificado el diámetro local de 22 mm.",""
"11252","MANIJA ENFRENTADA 40CM GRUESA 3/4","PACHA3/4*40","Sin marca","2","numero de pares","Cerrajería","Media","Identidad o especificación insuficiente","Identificación insuficiente","Aportar etiqueta o ficha de compra que identifique fabricante y modelo completo, acabado, dimensiones y distancia entre centros, junto con foto del artículo real.","Las fuentes/fotografías consultadas no verifican la mano y configuración exactas; no se espejó una pieza para representar otra variante.",""
"11327","CERRADURA VITRINA REDONDA V4-6MM","OGS2-104C CJ","Sin marca","18","unidad","Cerrajería","Media","Identidad o especificación insuficiente","Identificación insuficiente","Confirmar fabricante/modelo, referencia OGS2-104C CJ y espesor de vidrio admitido de 4–6 mm; aportar etiqueta y foto individual.","La publicación histórica usa V402/GT00427, mientras que la ficha actual identifica V4-6MM/OGS2-104C CJ. No se acreditó equivalencia.",""
"12215","BISAGRA MIGNON CLASSIC GRANDE (PAR)","MIG-CLA   EH-001","Sin marca","45","numero de pares","Cerrajería","Media","Identidad o especificación insuficiente","Identificación insuficiente","Aportar etiqueta o ficha de compra que identifique fabricante y modelo completo, dimensiones, acabado, montaje, tipo de cierre y piezas incluidas por par, junto con foto del artículo real.","Las fuentes consultadas no vinculan de forma suficiente la referencia local con un fabricante, modelo y variante únicos.",""
"12297","BISAGRA INTERIOR JACK CIERRE LENTO SIN CLIP (PAR)","GAS E S","Sin marca","1","numero de pares","Cerrajería","Media","Identidad o especificación insuficiente","Identificación insuficiente","Aportar etiqueta o ficha de compra que identifique fabricante y modelo completo, dimensiones, acabado, montaje, tipo de cierre y piezas incluidas por par, junto con foto del artículo real.","Las fuentes consultadas no vinculan de forma suficiente la referencia local con un fabricante, modelo y variante únicos.",""
"12969","CERRADURA AUTOMATICA 19-X22MM","AUTOMA","Sin marca","17","unidad","Cerrajería","Media","Identidad o especificación insuficiente","Identificación insuficiente","Aportar etiqueta o ficha de compra que identifique fabricante y modelo completo, acabado, mano, backset/medidas y función de ambas caras (llave, mariposa o privacidad), junto con foto del artículo real.","Las fuentes consultadas no vinculan de forma suficiente la referencia local con un fabricante, modelo y variante únicos.",""
"13450","MANIJA ENFRENTADA 25CM GRUESA 3/4""","MA-3/4   PACHA3/4X25","Sin marca","6","numero de pares","Cerrajería","Media","Identidad o especificación insuficiente","Identificación insuficiente","Aportar etiqueta o ficha de compra que identifique fabricante y modelo completo, acabado, dimensiones y distancia entre centros, junto con foto del artículo real.","Las fuentes/fotografías consultadas no verifican la mano y configuración exactas; no se espejó una pieza para representar otra variante.",""
"13452","MANIJA ENFRENTADA 30CM GRUESA 3/4","MA-3/4X30 PACHA3/4*30","Sin marca","6","numero de pares","Cerrajería","Media","Identidad o especificación insuficiente","Identificación insuficiente","Aportar etiqueta o ficha de compra que identifique fabricante y modelo completo, acabado, dimensiones y distancia entre centros, junto con foto del artículo real.","Las fuentes/fotografías consultadas no verifican la mano y configuración exactas; no se espejó una pieza para representar otra variante.",""
"13548","CERRADURA MHA CAZOLETA PICOLORO 45MM LLAVE-MARIPOSA BAÑO SL.151-BK","CER-039","MHA","1","unidad","Cerrajería","Media","Identidad o especificación insuficiente","Identificación insuficiente","Confirmar referencia completa SL.151-BK, backset de 45 mm y función baño llave-mariposa en la etiqueta; aportar ambas caras.","Las fuentes consultadas usan SL151-ET/EK y no acreditan la correspondencia BK ni la función exacta del cilindro.",""
"13600","CERRADURA B-360 CROMO MATE MOMPOX GRADO 3","B-360-3","Sin marca","7","unidad","Cerrajería","Media","Conflicto de especificación o variante","Identificación insuficiente","Confirmar modelo B360-3 y acabado real cromo mate o acero inoxidable con empaque y foto del cerrojo.","Se localizó Segurex B360 Mompox grado 3 en acero inoxidable; no quedó acreditada equivalencia con cromo mate/B360-3.",""
"14033","BISAGRA MIGON CLASSIC MINI (PAR)","14033","Sin marca","4.5","numero de pares","Cerrajería","Media","Identidad o especificación insuficiente","Identificación insuficiente","Aportar etiqueta o ficha de compra que identifique fabricante y modelo completo, dimensiones, acabado, montaje, tipo de cierre y piezas incluidas por par, junto con foto del artículo real.","Las fuentes consultadas no vinculan de forma suficiente la referencia local con un fabricante, modelo y variante únicos.",""
"14264","BISAGRA CLASS ACERO 3X3X2MM(PAR)","231-3""X3""X2MM","Sin marca","65","numero de pares","Cerrajería","Media","Identidad o especificación insuficiente","Identificación insuficiente","Aportar etiqueta o ficha de compra que identifique fabricante y modelo completo, dimensiones, acabado, montaje, tipo de cierre y piezas incluidas por par, junto con foto del artículo real.","Las fuentes consultadas no vinculan de forma suficiente la referencia local con un fabricante, modelo y variante únicos.",""
"14394","CANDADO GATO INTEMPERIE 50MM CLR","7CLR50","Sin marca","3","unidad","Cerrajería","Media","Conflicto de especificación o variante","Especificación en conflicto por confirmar","Confirmar producto real o equivalencia respaldada por fabricante.","Catálogo: Candado Gato 7CLR50. Fuente consultada: Fabricante actual: Marca Duralock; ambas son marcas distintas de Ideace. La diferencia no determina por sí sola qué dato corresponde al inventario.","https://ideace.com/products/e02016
https://www.ideace.com/wp-content/uploads/2020/06/CANDADO-COLOMBIA.pdf
https://www.homecenter.com.co/homecenter-co/product/397080/candado-de-laton-de-50-mm/397080/"
"14870","MANIJA ENFRENTADA PACHA ALUMINIO DE 1/2""X128MM ENTRE EJES DE EXTREMO A EXTREMO 19CM","PACALUM12 ALUMNIO","Sin marca","20","numero de pares","Cerrajería","Media","Identidad o especificación insuficiente","Identificación insuficiente","Aportar etiqueta o ficha de compra que identifique fabricante y modelo completo, acabado, dimensiones y distancia entre centros, junto con foto del artículo real.","Las fuentes/fotografías consultadas no verifican la mano y configuración exactas; no se espejó una pieza para representar otra variante.",""
"15160","PASADOR FALLEBA 6"" FUND","PASA6","Sin marca","6","unidad","Cerrajería","Media","Identidad o especificación insuficiente","Identificación insuficiente","Aportar etiqueta o ficha de compra que identifique fabricante y modelo completo, medidas, acabado, geometría y piezas incluidas, junto con foto del artículo real.","Las fuentes consultadas no vinculan de forma suficiente la referencia local con un fabricante, modelo y variante únicos.",""
"15161","PASADOR FALLEBA 8"" FUND","PASA8","Sin marca","1","unidad","Cerrajería","Media","Identidad o especificación insuficiente","Identificación insuficiente","Aportar etiqueta o ficha de compra que identifique fabricante y modelo completo, medidas, acabado, geometría y piezas incluidas, junto con foto del artículo real.","Las fuentes consultadas no vinculan de forma suficiente la referencia local con un fabricante, modelo y variante únicos.",""
"15162","PASADOR FALLEBA 10"" FUND","PASA10","Sin marca","11","unidad","Cerrajería","Media","Identidad o especificación insuficiente","Identificación insuficiente","Aportar etiqueta o ficha de compra que identifique fabricante y modelo completo, medidas, acabado, geometría y piezas incluidas, junto con foto del artículo real.","Las fuentes consultadas no vinculan de forma suficiente la referencia local con un fabricante, modelo y variante únicos.",""
"15163","PASADOR FALLEBA 12"" FUND","PASA12","Sin marca","3","unidad","Cerrajería","Media","Identidad o especificación insuficiente","Identificación insuficiente","Aportar etiqueta o ficha de compra que identifique fabricante y modelo completo, medidas, acabado, geometría y piezas incluidas, junto con foto del artículo real.","Las fuentes consultadas no vinculan de forma suficiente la referencia local con un fabricante, modelo y variante únicos.",""
"15273","BISAGRA ACERO INOX OMEGA CLASS NEGRO 4*3*2mm(PAR)","108O N","Sin marca","81.5","numero de pares","Cerrajería","Media","Identidad o especificación insuficiente","Identificación insuficiente","Aportar etiqueta o ficha de compra que identifique fabricante y modelo completo, dimensiones, acabado, montaje, tipo de cierre y piezas incluidas por par, junto con foto del artículo real.","Las fuentes consultadas no vinculan de forma suficiente la referencia local con un fabricante, modelo y variante únicos.",""
"15355","CERRADURA MHA MANIJA CUADRADA ALCOBA CROMADA","CER-037","MHA","1","unidad","Cerrajería","Media","Identidad o especificación insuficiente","Identificación insuficiente","Aportar código completo del fabricante MHA que corresponda a la referencia CER del catálogo, acabado y función, con foto de etiqueta y ambas caras.","Las referencias locales CER y la forma de manija no establecen por sí solas una variante de fabricante, acabado y función exactos.",""
"15708","CERRADURA MHA MANIJA CUADRADA ENTRADA SATINADA CER-076","CER-076","MHA","2","unidad","Cerrajería","Media","Identidad o especificación insuficiente","Identificación insuficiente","Aportar código completo del fabricante MHA que corresponda a la referencia CER del catálogo, acabado y función, con foto de etiqueta y ambas caras.","Las referencias locales CER y la forma de manija no establecen por sí solas una variante de fabricante, acabado y función exactos.",""
"15824","CERROJO MHA D102 PLUS LL-LL","CER-088","MHA","1","unidad","Cerrajería","Media","Identidad o especificación insuficiente","Identificación insuficiente","Confirmar generación PLUS y código completo del fabricante asociado a la referencia CER local; aportar etiqueta y foto de la variante del inventario.","Las fuentes actuales describen generaciones o combinaciones distintas. No se acreditó equivalencia entre el modelo local y las versiones actuales.",""
"15826","CERRADURA MHA 35MM PERFIL ANGOSTO REF CER-023","CER-023","MHA","3","unidad","Cerrajería","Media","Identidad o especificación insuficiente","Identificación insuficiente","Aportar código completo del fabricante MHA que corresponda a la referencia CER del catálogo, acabado y función, con foto de etiqueta y ambas caras.","Las referencias locales CER y la forma de manija no establecen por sí solas una variante de fabricante, acabado y función exactos.",""
"15926","MHA CERRADURA DIGITAL HC-421 PASADOR CUADRADO BACKSET60MM CON CAMARA","CER-095","MHA","1","unidad","Cerrajería","Media","Identidad o especificación insuficiente","Identificación insuficiente","Confirmar generación PLUS y código completo del fabricante asociado a la referencia CER local; aportar etiqueta y foto de la variante del inventario.","Las fuentes actuales describen generaciones o combinaciones distintas. No se acreditó equivalencia entre el modelo local y las versiones actuales.",""
"15959","CERROJO FEH ORION LLAVE-MARIPOSA NEGRO LLAVE DE PUNTO","6715","Sin marca","1","unidad","Cerrajería","Media","Conflicto de especificación o variante","Identificación insuficiente","Aportar etiqueta FEH 6715 y foto del Orion negro, llave-mariposa y llave de punto, mostrando ambas caras.","Las páginas Orion encontradas usan referencias plateadas 6304/6305; no acreditan la variante negra 6715.",""
"15974","BISAGRA MOBILE OCULTA AJUSTABLE 3D 150*25MM 20KG NEGRA (PAR)","HBP856-20N","Sin marca","1","numero de pares","Cerrajería","Media","Conflicto de especificación o variante","Identificación insuficiente","Aportar ficha y etiqueta de la bisagra oculta 150 × 25 mm, 20 kg, negra, y aclarar la referencia exacta HBP856 del inventario.","Las fuentes actuales muestran otras longitudes y códigos/cargas de la familia; no se acreditó la combinación local completa.",""
"8030","BISAGRA CLASS ACERO 4X3X2MM(PAR)","108-4""X3","Sin marca","78","numero de pares","Cerrajería","Media","Identidad o especificación insuficiente","Identificación insuficiente","Aportar etiqueta o ficha de compra que identifique fabricante y modelo completo, dimensiones, acabado, montaje, tipo de cierre y piezas incluidas por par, junto con foto del artículo real.","Las fuentes consultadas no vinculan de forma suficiente la referencia local con un fabricante, modelo y variante únicos.",""
"8572","CERRADURA YALE 170-1/4 PLUS CRM MATE","4038","YALE","7","unidad","Cerrajería","Media","Identidad o especificación insuficiente","Especificación en conflicto por confirmar","Confirmar acabado de inventario.","Catálogo: Yale4038 cromo mate. Fuente consultada: Fabricante4038: US14 níquel brillante. La diferencia no determina por sí sola qué dato corresponde al inventario.","https://www.yalehome.com.co/es/products/productos/cerrojos/Cerrojos-linea-elite/serie-170-plus"
"9232","CERRADURA TRAMPA CLASS 16X20MM","CER","Sin marca","88","unidad","Cerrajería","Media","Identidad o especificación insuficiente","Identificación insuficiente","Aportar etiqueta o ficha de compra que identifique fabricante y modelo completo, acabado, mano, backset/medidas y función de ambas caras (llave, mariposa o privacidad), junto con foto del artículo real.","Las fuentes consultadas no vinculan de forma suficiente la referencia local con un fabricante, modelo y variante únicos.",""
"9394","CERRADURA GUANTERA IMP TUBULAR 17MM","GTU17D","Sin marca","1","unidad","Cerrajería","Media","Identidad o especificación insuficiente","Identificación insuficiente","Aportar etiqueta o ficha de compra que identifique fabricante y modelo completo, acabado, mano, backset/medidas y función de ambas caras (llave, mariposa o privacidad), junto con foto del artículo real.","Las fuentes consultadas no vinculan de forma suficiente la referencia local con un fabricante, modelo y variante únicos.",""
"0239","MODULO CORRIENTE CHASIS","","Sin marca","10","unidad","Eléctrico","Media","Identidad o especificación insuficiente","Identificación insuficiente","Aportar etiqueta o ficha de compra que identifique fabricante y modelo completo, color, dimensiones, cantidad/tipo de conexiones y capacidad eléctrica, junto con foto del artículo real.","Las fuentes consultadas no vinculan de forma suficiente la referencia local con un fabricante, modelo y variante únicos.",""
"0240","MODULOS DATOS-HDMI-VGA-USB DATOS-USB CARGA","","Sin marca","6","unidad","Eléctrico","Media","Identidad o especificación insuficiente","Identificación insuficiente","Aportar etiqueta o ficha de compra que identifique fabricante y modelo completo, color, dimensiones, cantidad/tipo de conexiones y capacidad eléctrica, junto con foto del artículo real.","Las fuentes consultadas no vinculan de forma suficiente la referencia local con un fabricante, modelo y variante únicos.",""
"1000","CINTA AISLANTE VESTA NEGRA GRANDE","CCGN001","Sin marca","9","unidad","Eléctrico","Media","Identidad o especificación insuficiente","Identificación insuficiente","Aportar etiqueta o ficha de compra que identifique fabricante y familia exacta, referencia, contenido/medidas, color y presentación vendida, junto con foto del artículo real.","Las fuentes consultadas no vinculan de forma suficiente la referencia local con un fabricante, modelo y variante únicos.",""
"11461","PASACABLE 54MM BLANCO","BL-54","Sin marca","135","unidad","Eléctrico","Media","Identidad o especificación insuficiente","Identificación insuficiente","Aportar etiqueta o ficha de compra que identifique fabricante y modelo completo, medidas, potencia/capacidad eléctrica y configuración de conexión, junto con foto del artículo real.","Las fuentes consultadas no vinculan de forma suficiente la referencia local con un fabricante, modelo y variante únicos.",""
"11462","PASACABLE 60MM BLANCO","BL-60MM  PS60-3","Sin marca","295","unidad","Eléctrico","Media","Identidad o especificación insuficiente","Identificación insuficiente","Aportar etiqueta o ficha de compra que identifique fabricante y modelo completo, medidas, potencia/capacidad eléctrica y configuración de conexión, junto con foto del artículo real.","Las fuentes consultadas no vinculan de forma suficiente la referencia local con un fabricante, modelo y variante únicos.",""
"11868","MULTITOMA VELA GRIS CON 1 CORRIENTE 1 DATOS 1 HDMI","11868","Sin marca","1","unidad","Eléctrico","Media","Identidad o especificación insuficiente","Identificación insuficiente","Aportar etiqueta o ficha de compra que identifique fabricante y modelo completo, color, dimensiones, cantidad/tipo de conexiones y capacidad eléctrica, junto con foto del artículo real.","Las fuentes consultadas no vinculan de forma suficiente la referencia local con un fabricante, modelo y variante únicos.",""
"13327","PASACABLE 45MM BLANCO","PAS 45BL","Sin marca","134","Consultar unidad","Eléctrico","Media","Identidad o especificación insuficiente","Identificación insuficiente","Aportar etiqueta o ficha de compra que identifique fabricante y modelo completo, medidas, potencia/capacidad eléctrica y configuración de conexión, junto con foto del artículo real. Indicar también la cantidad/unidad vendida.","Las fuentes consultadas no vinculan de forma suficiente la referencia local con un fabricante, modelo y variante únicos.",""
"14333","CABLE DUPLEXO 2X14 POLARIZADO","","Sin marca","27","Consultar unidad","Eléctrico","Media","Identidad o especificación insuficiente","Identificación insuficiente","Aportar etiqueta o ficha de compra que identifique fabricante y modelo completo, medidas, potencia/capacidad eléctrica y configuración de conexión, junto con foto del artículo real. Indicar también la cantidad/unidad vendida.","Las fuentes consultadas no vinculan de forma suficiente la referencia local con un fabricante, modelo y variante únicos.",""
"14429","PANEL LED REDONDO S/P 8"" 18W 6500K","14429","Sin marca","1","unidad","Eléctrico","Media","Identidad o especificación insuficiente","Identificación insuficiente","Aportar etiqueta o ficha de compra que identifique fabricante y modelo completo, dimensiones, acabado y presentación vendida, junto con foto del artículo real.","Las fuentes consultadas no vinculan de forma suficiente la referencia local con un fabricante, modelo y variante únicos.",""
"15185","CAJA PASACABLE NEGRA DOBLE DIFA","CAJA PASACABLE NEGRA DOBLE DIFA","Sin marca","1","unidad","Eléctrico","Media","Identidad o especificación insuficiente","Identificación insuficiente","Aportar etiqueta o ficha de compra que identifique fabricante y modelo completo, medidas, potencia/capacidad eléctrica y configuración de conexión, junto con foto del artículo real.","Las fuentes consultadas no vinculan de forma suficiente la referencia local con un fabricante, modelo y variante únicos.",""
"15430","CAJA PASACABLE MEDIANA BLANCA-NEGRA","A024","Sin marca","2","unidad","Eléctrico","Media","Identidad o especificación insuficiente","Identificación insuficiente","Aportar etiqueta o ficha de compra que identifique fabricante y modelo completo, medidas, potencia/capacidad eléctrica y configuración de conexión, junto con foto del artículo real.","Las fuentes consultadas no vinculan de forma suficiente la referencia local con un fabricante, modelo y variante únicos.",""
"15881","MULTITOMA GOMMETS REDONDA-CUADRADA BLANCA CON TAPA 3-4 MODULOS","A06 BLANCA","Sin marca","2","unidad","Eléctrico","Media","Identidad o especificación insuficiente","Identificación insuficiente","Aportar etiqueta o ficha de compra que identifique fabricante y modelo completo, color, dimensiones, cantidad/tipo de conexiones y capacidad eléctrica, junto con foto del artículo real.","Las fuentes consultadas no vinculan de forma suficiente la referencia local con un fabricante, modelo y variante únicos.",""
"15882","MULTITOMA GOMMETS REDONDA-CUADRADA GRIS CON TAPA 3-4 MODULOS","A06 GRIS","Sin marca","2","unidad","Eléctrico","Media","Identidad o especificación insuficiente","Identificación insuficiente","Aportar etiqueta o ficha de compra que identifique fabricante y modelo completo, color, dimensiones, cantidad/tipo de conexiones y capacidad eléctrica, junto con foto del artículo real.","Las fuentes consultadas no vinculan de forma suficiente la referencia local con un fabricante, modelo y variante únicos.",""
"15886","CAJA MULTITOMA DOBLE LEVINTON VELA CON CEPILLO Y PUSH GRIS","A8 GRIS","Sin marca","1","unidad","Eléctrico","Media","Identidad o especificación insuficiente","Identificación insuficiente","Aportar etiqueta o ficha de compra que identifique fabricante y modelo completo, color, dimensiones, cantidad/tipo de conexiones y capacidad eléctrica, junto con foto del artículo real.","Las fuentes consultadas no vinculan de forma suficiente la referencia local con un fabricante, modelo y variante únicos.",""
"2660","PASACABLE 60MM GRIS","PC-60G  PS60-4","Sin marca","93","unidad","Eléctrico","Media","Identidad o especificación insuficiente","Identificación insuficiente","Aportar etiqueta o ficha de compra que identifique fabricante y modelo completo, medidas, potencia/capacidad eléctrica y configuración de conexión, junto con foto del artículo real.","Las fuentes consultadas no vinculan de forma suficiente la referencia local con un fabricante, modelo y variante únicos.",""
"3389","PASACABLE 54MM NEGRO","PC-50N  PS54-1","Sin marca","148","unidad","Eléctrico","Media","Identidad o especificación insuficiente","Identificación insuficiente","Aportar etiqueta o ficha de compra que identifique fabricante y modelo completo, medidas, potencia/capacidad eléctrica y configuración de conexión, junto con foto del artículo real.","Las fuentes consultadas no vinculan de forma suficiente la referencia local con un fabricante, modelo y variante únicos.",""
"5082","PASACABLE 54MM GRIS","PS54-4","Sin marca","102","unidad","Eléctrico","Media","Identidad o especificación insuficiente","Identificación insuficiente","Aportar etiqueta o ficha de compra que identifique fabricante y modelo completo, medidas, potencia/capacidad eléctrica y configuración de conexión, junto con foto del artículo real.","Las fuentes consultadas no vinculan de forma suficiente la referencia local con un fabricante, modelo y variante únicos.",""
"6872","PASACABLE 45MM GRIS","PC-45G","Sin marca","173","Consultar unidad","Eléctrico","Media","Identidad o especificación insuficiente","Identificación insuficiente","Aportar etiqueta o ficha de compra que identifique fabricante y modelo completo, medidas, potencia/capacidad eléctrica y configuración de conexión, junto con foto del artículo real. Indicar también la cantidad/unidad vendida.","Las fuentes consultadas no vinculan de forma suficiente la referencia local con un fabricante, modelo y variante únicos.",""
"7383","PASACABLE 60MM NEGRO","PC-60N  PS60-1","Sin marca","201","unidad","Eléctrico","Media","Identidad o especificación insuficiente","Identificación insuficiente","Aportar etiqueta o ficha de compra que identifique fabricante y modelo completo, medidas, potencia/capacidad eléctrica y configuración de conexión, junto con foto del artículo real.","Las fuentes consultadas no vinculan de forma suficiente la referencia local con un fabricante, modelo y variante únicos.",""
"7547","PASACABLE 45MM NEGRO","PS43-1","Sin marca","28","unidad","Eléctrico","Media","Identidad o especificación insuficiente","Identificación insuficiente","Aportar etiqueta o ficha de compra que identifique fabricante y modelo completo, medidas, potencia/capacidad eléctrica y configuración de conexión, junto con foto del artículo real.","Las fuentes consultadas no vinculan de forma suficiente la referencia local con un fabricante, modelo y variante únicos.",""
"7928","CANALETA BLANCA 20X12X10 2MT ADHESIVO","C20122D","Sin marca","8","unidad","Eléctrico","Media","Identidad o especificación insuficiente","Identificación insuficiente","Aportar etiqueta o ficha de compra que identifique fabricante y familia exacta, referencia, contenido/medidas, color y presentación vendida, junto con foto del artículo real.","Las fuentes consultadas no vinculan de forma suficiente la referencia local con un fabricante, modelo y variante únicos.",""
"9810","MULTITOMA INDUSTRIAL NEGRA 2MTS","MT-2","Sin marca","2","unidad","Eléctrico","Media","Identidad o especificación insuficiente","Identificación insuficiente","Aportar etiqueta o ficha de compra que identifique fabricante y modelo completo, color, dimensiones, cantidad/tipo de conexiones y capacidad eléctrica, junto con foto del artículo real.","Las fuentes consultadas no vinculan de forma suficiente la referencia local con un fabricante, modelo y variante únicos.",""
"11248","PUNTA ESTRELLA CLASS N 2X4""","P-14241","Sin marca","17","unidad","Ferretería General","Media","Conflicto de especificación o variante","Especificación en conflicto por confirmar","Confirmar largo real.","Catálogo: Class P-14241 anunciada 4 pulgadas. Fuente consultada: Fuentes del mismo código indican 6 pulgadas. La diferencia no determina por sí sola qué dato corresponde al inventario.","https://marcallanera.com/es/store/elpalaciodelherraje/categoria/punta-estrella"
"11842","OJO MAGICO MHA PEQUEÑO 18-35-60 FT-6110","ACS-010","MHA","18","unidad","Ferretería General","Media","Identidad o especificación insuficiente","Identificación insuficiente","Aclarar el significado de 18 en el título y confirmar diámetro, rango de puerta 35–60 mm y ángulo de visión en la etiqueta FT-6110.","La fuente especifica 16 mm y 180 grados; el título contiene un 18 sin unidad clara. No se asumió su significado.",""
"12006","FALLEBA INCRUSTRAR FUND 4""","PAS4","Sin marca","7","unidad","Ferretería General","Media","Identidad o especificación insuficiente","Identificación insuficiente","Aportar etiqueta o ficha de compra que identifique fabricante y modelo completo, medidas, acabado, geometría y piezas incluidas, junto con foto del artículo real.","Las fuentes consultadas no vinculan de forma suficiente la referencia local con un fabricante, modelo y variante únicos.",""
"12007","FALLEBA INCRUSTRAR FUND 6""","FB-6  PAS6","Sin marca","62","unidad","Ferretería General","Media","Identidad o especificación insuficiente","Identificación insuficiente","Aportar etiqueta o ficha de compra que identifique fabricante y modelo completo, medidas, acabado, geometría y piezas incluidas, junto con foto del artículo real.","Las fuentes consultadas no vinculan de forma suficiente la referencia local con un fabricante, modelo y variante únicos.",""
"12424","VEN 1535 MADERA","VEN-1535","Sin marca","8","Consultar unidad","Ferretería General","Media","Identidad o especificación insuficiente","Identificación insuficiente","Aportar etiqueta o ficha de compra que identifique fabricante y modelo completo, dimensiones, acabado y presentación vendida, junto con foto del artículo real.","Las fuentes consultadas no vinculan de forma suficiente la referencia local con un fabricante, modelo y variante únicos.",""
"12535","BARRA COMBO ANT 2PTS C/MAS CIERR 150 KIL","34902","Sin marca","1","Consultar unidad","Ferretería General","Media","Identidad o especificación insuficiente","Identificación insuficiente","Aportar etiqueta o ficha de compra que identifique fabricante y modelo completo, dimensiones, acabado y presentación vendida, junto con foto del artículo real.","Las fuentes/fotografías consultadas no verifican la mano y configuración exactas; no se espejó una pieza para representar otra variante.",""
"13163","MINIFIX 15MM HAFELE","13163","Sin marca","18","unidad","Ferretería General","Media","Identidad o especificación insuficiente","Identificación insuficiente","Aportar etiqueta o ficha de compra que identifique fabricante y modelo completo, dimensiones, acabado y presentación vendida, junto con foto del artículo real.","Las fuentes consultadas no vinculan de forma suficiente la referencia local con un fabricante, modelo y variante únicos.",""
"13403","VEN DN-80 C/F","VEN-DN80CF","Sin marca","7","Consultar unidad","Ferretería General","Media","Identidad o especificación insuficiente","Identificación insuficiente","Aportar etiqueta o ficha de compra que identifique fabricante y modelo completo, dimensiones, acabado y presentación vendida, junto con foto del artículo real.","Las fuentes consultadas no vinculan de forma suficiente la referencia local con un fabricante, modelo y variante únicos.",""
"13611","PORTAESCOBAS CROMADO","56329","Sin marca","6","unidad","Ferretería General","Media","Conflicto de especificación o variante","Identificación insuficiente","Confirmar equivalencia de 56329 con el código actual de acabado cromado y aportar original que muestre únicamente esa variante.","La fuente actual usa F563239 para cromo y reutiliza foto entre blanco y cromo. El sufijo local no quedó documentado.",""
"1381","GOLPETE DE 43MM CROMADO","CRRVAL42","Sin marca","153","unidad","Ferretería General","Media","Identidad o especificación insuficiente","Identificación insuficiente","Aportar etiqueta o ficha de compra que identifique fabricante y modelo completo, dimensiones, acabado y presentación vendida, junto con foto del artículo real.","Las fuentes consultadas no vinculan de forma suficiente la referencia local con un fabricante, modelo y variante únicos.",""
"13811","PERCHERO FUNDI N1 CROMADO","PERC1","Sin marca","82","unidad","Ferretería General","Media","Identidad o especificación insuficiente","Identificación insuficiente","Aportar etiqueta o ficha de compra que identifique fabricante y modelo completo, dimensiones, acabado y presentación vendida, junto con foto del artículo real.","Las fuentes consultadas no vinculan de forma suficiente la referencia local con un fabricante, modelo y variante únicos.",""
"13954","PERCHERO FUNDI N2 CROMADO DOBLE","PERC2","Sin marca","93","unidad","Ferretería General","Media","Identidad o especificación insuficiente","Identificación insuficiente","Aportar etiqueta o ficha de compra que identifique fabricante y modelo completo, dimensiones, acabado y presentación vendida, junto con foto del artículo real.","Las fuentes consultadas no vinculan de forma suficiente la referencia local con un fabricante, modelo y variante únicos.",""
"14493","FALLEBA INCRUSTRAR FUND 8"" SATIN","PAS8","Sin marca","27","unidad","Ferretería General","Media","Identidad o especificación insuficiente","Identificación insuficiente","Aportar etiqueta o ficha de compra que identifique fabricante y modelo completo, medidas, acabado, geometría y piezas incluidas, junto con foto del artículo real.","Las fuentes consultadas no vinculan de forma suficiente la referencia local con un fabricante, modelo y variante únicos.",""
"15248","HERRAJE PARA PUERTA OCULTA DE 45 CM","413517-413543","Sin marca","5","unidad","Ferretería General","Media","Identidad o especificación insuficiente","Identificación insuficiente","Aportar etiqueta o ficha de compra que identifique fabricante y modelo completo, dimensiones, acabado y presentación vendida, junto con foto del artículo real.","Las fuentes consultadas no vinculan de forma suficiente la referencia local con un fabricante, modelo y variante únicos.",""
"15832","TOTAL PUNTA DOBLE PH2 IMANTADA 65MM","TAC16TH233","TOTAL","3","unidad","Ferretería General","Media","Identidad o especificación insuficiente","Identificación insuficiente","Aportar etiqueta o ficha de compra que identifique fabricante y modelo completo, dimensiones, acabado y presentación vendida, junto con foto del artículo real.","Las fuentes consultadas no vinculan de forma suficiente la referencia local con un fabricante, modelo y variante únicos.",""
"2586","DESLIZADOR 15MM NEGRO","DM-006-38  DR2-1","Sin marca","74","unidad","Ferretería General","Media","Identidad o especificación insuficiente","Identificación insuficiente","Aportar etiqueta o ficha de compra que identifique fabricante y modelo completo, dimensiones, acabado y presentación vendida, junto con foto del artículo real.","Las fuentes consultadas no vinculan de forma suficiente la referencia local con un fabricante, modelo y variante únicos.",""
"5501","PISTOLA P/PINTAR SAGOLA DE BAJA","5501","Sin marca","5","unidad","Ferretería General","Media","Identidad o especificación insuficiente","Identificación insuficiente","Aportar etiqueta o ficha de compra que identifique fabricante y modelo completo, dimensiones, acabado y presentación vendida, junto con foto del artículo real.","Las fuentes consultadas no vinculan de forma suficiente la referencia local con un fabricante, modelo y variante únicos.",""
"5546","MANGUERA COMPRESOR 1/4 300PSI","300PSI","Sin marca","1","unidad","Ferretería General","Media","Identidad o especificación insuficiente","Identificación insuficiente","Aportar etiqueta o ficha de compra que identifique fabricante y modelo completo, dimensiones, acabado y presentación vendida, junto con foto del artículo real.","Las fuentes consultadas no vinculan de forma suficiente la referencia local con un fabricante, modelo y variante únicos.",""
"5584","PLASTICO STRETCH 12"" 30CMX400","4000","Sin marca","4","número de rollos","Ferretería General","Media","Identidad o especificación insuficiente","Identificación insuficiente","Aportar etiqueta o ficha de compra que identifique fabricante y modelo completo, dimensiones, acabado y presentación vendida, junto con foto del artículo real.","Las fuentes consultadas no vinculan de forma suficiente la referencia local con un fabricante, modelo y variante únicos.",""
"6219","SOPORTE DE UÑA SB-50U-2","SB-50U-2","Sin marca","596","unidad","Ferretería General","Media","Conflicto de especificación o variante","Identificación insuficiente","Aportar etiqueta o ficha Fuerte que identifique específicamente SB-50U-2 y foto individual de ese soporte.","La fuente encontrada muestra SB-50U y SB-50U-1 con imagen compartida; no acredita el sufijo U-2.",""
"6301","SOLDADURA 6013-1/8 WESTARCO KILO","10652634138","Sin marca","18","kilogramo neto","Ferretería General","Media","Identidad o especificación insuficiente","Identificación insuficiente","Aportar etiqueta o ficha de compra que identifique fabricante y modelo completo, dimensiones, acabado y presentación vendida, junto con foto del artículo real.","Las fuentes consultadas no vinculan de forma suficiente la referencia local con un fabricante, modelo y variante únicos.",""
"6302","SOLDADURA 6013-3/32 WESTARCO KILO","6013-3/32K","Sin marca","26.5","kilogramo neto","Ferretería General","Media","Identidad o especificación insuficiente","Identificación insuficiente","Aportar etiqueta o ficha de compra que identifique fabricante y modelo completo, dimensiones, acabado y presentación vendida, junto con foto del artículo real.","Las fuentes consultadas no vinculan de forma suficiente la referencia local con un fabricante, modelo y variante únicos.",""
"6324","SOPORTE CUADRO INDUMA 2""/2-1/2""","SP-CUADRO","Sin marca","2774","Consultar unidad","Ferretería General","Media","Conflicto de especificación o variante","Identificación insuficiente","Aclarar si se vende soporte de 2 pulgadas o de 2-1/2, e indicar referencia completa Induma, acabado y foto de la pieza. Indicar también la cantidad/unidad vendida.","El título combina dos tamaños y la referencia es genérica; la fuente de 2-1/2 no acredita cuál se vende.",""
"6410","TOPE RODILLO TAIWAN","TOPE-C CRO","Sin marca","19","unidad","Ferretería General","Media","Identidad o especificación insuficiente","Identificación insuficiente","Aportar etiqueta o ficha de compra que identifique fabricante y modelo completo, medidas, acabado, geometría y piezas incluidas, junto con foto del artículo real.","Las fuentes consultadas no vinculan de forma suficiente la referencia local con un fabricante, modelo y variante únicos.",""
"7344","DILATADOR ACERO CLAS 19X25","GA02H1","Sin marca","50","unidad","Ferretería General","Media","Conflicto de especificación o variante","Identificación insuficiente","Confirmar correspondencia de GA02H1 con el código de fabricante y dimensiones 19 × 25 mm; aportar original sin sobreimpresiones.","La fuente encontrada usa GEA02H19 para 19 × 25; no se verificó equivalencia con GA02H1 y la imagen encontrada está marcada.",""
"7544","GOLPETE DE 60MM CROMADO","CRRVAL60","Sin marca","40","unidad","Ferretería General","Media","Identidad o especificación insuficiente","Identificación insuficiente","Aportar etiqueta o ficha de compra que identifique fabricante y modelo completo, dimensiones, acabado y presentación vendida, junto con foto del artículo real.","Las fuentes consultadas no vinculan de forma suficiente la referencia local con un fabricante, modelo y variante únicos.",""
"7545","GOLPETE DE 50MM CROMADO","GOLP 50MM CROM","Sin marca","7","unidad","Ferretería General","Media","Identidad o especificación insuficiente","Identificación insuficiente","Aportar etiqueta o ficha de compra que identifique fabricante y modelo completo, dimensiones, acabado y presentación vendida, junto con foto del artículo real.","Las fuentes consultadas no vinculan de forma suficiente la referencia local con un fabricante, modelo y variante únicos.",""
"8025","SOPORTE OCULTO 15CM FUNDICOL","SOPROS15","Sin marca","28","unidad","Ferretería General","Media","Identidad o especificación insuficiente","Identificación insuficiente","Aportar etiqueta o ficha de compra que identifique fabricante y modelo completo, medidas, acabado, geometría y piezas incluidas, junto con foto del artículo real.","Las fuentes consultadas no vinculan de forma suficiente la referencia local con un fabricante, modelo y variante únicos.",""
"8315","PLASTICO STRETCH 20"" 50CMX400","STR102","Sin marca","8","número de rollos","Ferretería General","Media","Identidad o especificación insuficiente","Identificación insuficiente","Aportar etiqueta o ficha de compra que identifique fabricante y modelo completo, dimensiones, acabado y presentación vendida, junto con foto del artículo real.","Las fuentes consultadas no vinculan de forma suficiente la referencia local con un fabricante, modelo y variante únicos.",""
"8607","PLASTICO STRETCH 6"" 15CMX400","069","Sin marca","9","número de rollos","Ferretería General","Media","Identidad o especificación insuficiente","Identificación insuficiente","Aportar etiqueta o ficha de compra que identifique fabricante y modelo completo, dimensiones, acabado y presentación vendida, junto con foto del artículo real.","Las fuentes consultadas no vinculan de forma suficiente la referencia local con un fabricante, modelo y variante únicos.",""
"10037","ACOPLE FLEXIBLE 1/2 AGUA CALIENTE GRIVAL","GT-1351","Sin marca","91","Consultar unidad","Fontanería","Media","Identidad o especificación insuficiente","Identificación insuficiente","Aportar código Grival completo vinculado a GT1351, longitud, material y tipo/medidas de rosca en ambos extremos; incluir foto y etiqueta. Indicar también la cantidad/unidad vendida.","Se localizaron acoples Grival de 1/2 con diferentes longitudes y conexiones; GT1351 no quedó vinculado a una variante exacta.",""
"11047","TEE ELEC-ESCUALIZABLE P/TIERRA","TEEL004","Sin marca","1","Consultar unidad","Fontanería","Media","Identidad o especificación insuficiente","Identificación insuficiente","Aportar etiqueta o ficha de compra que identifique fabricante y modelo completo, dimensiones, acabado y presentación vendida, junto con foto del artículo real.","Las fuentes consultadas no vinculan de forma suficiente la referencia local con un fabricante, modelo y variante únicos.",""
"11128","TUBO FLUORESCENTE T32 48W DELGADO","T32-48","Sin marca","2","Consultar unidad","Fontanería","Media","Identidad o especificación insuficiente","Identificación insuficiente","Aportar foto legible de la etiqueta del tubo: fabricante, modelo completo, tipo, potencia en W y longitud. Confirmar qué identifica T32-48. Indicar también la cantidad/unidad vendida.","No se identificó el fabricante/modelo exacto. Otras familias F32T8 de 32 W y 48 pulgadas solo sugieren una hipótesis; no prueban que el dato local de 48 W sea erróneo.","https://yaxa.co/products/luxrite-bombilla-fluorescente-f32t8-841-t8-1-pulgada-de-diametro-32-w-48-pulgadas-blanco-frio-4100k-2800-lumenes-base-de-dos-pines-g13-solo"
"2187","TAPA REGISTRO 20X20 CMTS","350115","Sin marca","1","Consultar unidad","Fontanería","Media","Identidad o especificación insuficiente","Identificación insuficiente","Aportar etiqueta o ficha de compra que identifique fabricante y modelo completo, dimensiones, acabado y presentación vendida, junto con foto del artículo real.","Las fuentes consultadas no vinculan de forma suficiente la referencia local con un fabricante, modelo y variante únicos.",""
"10093","PLATO GIRATORIO NEGRO FEH 3X3CM","4153","Sin marca","5","unidad","Herrajes para Muebles","Media","Conflicto de especificación o variante","Especificación en conflicto por confirmar","Confirmar unidad dimensional.","Catálogo: FEH4153 3×3 cm. Fuente consultada: Fabricante: 3×3 pulgadas. La diferencia no determina por sí sola qué dato corresponde al inventario.","https://flexoneh.com.co/producto/plato-giratorio-esferado-3x3/
https://flexoneh.com.co/producto/plato-giratorio-esferado-8x8/
https://flexoneh.com.co/producto/plato-giratorio-esferado-6x6/"
"10278","RIEL DUCASSE D-52 3MT GUIA SUPERIOR","10100600009","Sin marca","32","unidad","Herrajes para Muebles","Media","Identidad o especificación insuficiente","Identificación insuficiente","Aportar ficha o etiqueta que vincule la referencia local con el perfil D-52 exacto, su sección, función superior/inferior y longitud. Incluir foto del corte del perfil.","Las fuentes D-52 consultadas usan otros códigos o perfiles tubulares; el nombre de familia no acredita equivalencia del perfil.",""
"10287","RIEL DUCASSE D-52 3MT RIEL INFERIOR","10100600004","Sin marca","30","unidad","Herrajes para Muebles","Media","Identidad o especificación insuficiente","Identificación insuficiente","Aportar ficha o etiqueta que vincule la referencia local con el perfil D-52 exacto, su sección, función superior/inferior y longitud. Incluir foto del corte del perfil.","Las fuentes D-52 consultadas usan otros códigos o perfiles tubulares; el nombre de familia no acredita equivalencia del perfil.",""
"10418","ELEVADOR PARA CLOSET 83-115 cm","HSO744-03","Sin marca","2","unidad","Herrajes para Muebles","Media","Conflicto de especificación o variante","Especificación en conflicto por confirmar","Confirmar rango real de ancho del elevador HSO744-03 y su generación mediante etiqueta/ficha y foto con medidas; el inventario anuncia 83–115 cm.","Las fuentes actuales publican rangos de 87–129, 87–122 o 89–126 cm para HSO744-03. No se concilió la variante con el rango local de 83–115 cm.","https://madecentro.com/products/closet-11820"
"10431","COCINA CUBIERTERO HETTICH 900-850-800","850MM","Sin marca","3","Consultar unidad","Herrajes para Muebles","Media","Identidad o especificación insuficiente","Identificación insuficiente","Aportar etiqueta o ficha de compra que identifique fabricante y modelo completo, medidas de cada eje, color/acabado, mano, cierre y piezas incluidas, junto con foto del artículo real. Indicar también la cantidad/unidad vendida.","Las fuentes consultadas no vinculan de forma suficiente la referencia local con un fabricante, modelo y variante únicos.",""
"1066","BASURERA MINI BAJO POZUELO DE 30 CM","33541","Sin marca","3","unidad","Herrajes para Muebles","Media","Identidad o especificación insuficiente","Identificación insuficiente","Aportar etiqueta o ficha de compra que identifique fabricante y modelo completo, medidas de cada eje, color/acabado, mano, cierre y piezas incluidas, junto con foto del artículo real.","Las fuentes consultadas no vinculan de forma suficiente la referencia local con un fabricante, modelo y variante únicos.",""
"10910","RIEL DUCASSE D-52 2MT RIEL INFERIOR","10100600001","Sin marca","33","unidad","Herrajes para Muebles","Media","Identidad o especificación insuficiente","Identificación insuficiente","Aportar ficha o etiqueta que vincule la referencia local con el perfil D-52 exacto, su sección, función superior/inferior y longitud. Incluir foto del corte del perfil.","Las fuentes D-52 consultadas usan otros códigos o perfiles tubulares; el nombre de familia no acredita equivalencia del perfil.",""
"10920","RIEL DUCASSE D-52 2MT GUIA SUPERIOR","10100600007","Sin marca","35","unidad","Herrajes para Muebles","Media","Identidad o especificación insuficiente","Identificación insuficiente","Aportar ficha o etiqueta que vincule la referencia local con el perfil D-52 exacto, su sección, función superior/inferior y longitud. Incluir foto del corte del perfil.","Las fuentes D-52 consultadas usan otros códigos o perfiles tubulares; el nombre de familia no acredita equivalencia del perfil.",""
"11948","COCINA CUBIERTERO CAL 80 34X48 CM","34X48","Sin marca","3","unidad","Herrajes para Muebles","Media","Identidad o especificación insuficiente","Identificación insuficiente","Aportar etiqueta o ficha de compra que identifique fabricante y modelo completo, medidas de cada eje, color/acabado, mano, cierre y piezas incluidas, junto con foto del artículo real.","Las fuentes consultadas no vinculan de forma suficiente la referencia local con un fabricante, modelo y variante únicos.",""
"12002","BRAZO NEUMATICO (T) 100 CLASSIC","BRAZO 100 N","Sin marca","48","unidad","Herrajes para Muebles","Media","Identidad o especificación insuficiente","Identificación insuficiente","Aportar etiqueta o ficha de compra que identifique fabricante y modelo completo, fuerza/carga, recorrido, dimensiones y contenido del conjunto, junto con foto del artículo real.","Las fuentes consultadas no vinculan de forma suficiente la referencia local con un fabricante, modelo y variante únicos.",""
"12655","BRAZO MECANICO CLASS","MEC","Sin marca","12","unidad","Herrajes para Muebles","Media","Identidad o especificación insuficiente","Identificación insuficiente","Aportar etiqueta o ficha de compra que identifique fabricante y modelo completo, fuerza/carga, recorrido, dimensiones y contenido del conjunto, junto con foto del artículo real.","Las fuentes/fotografías consultadas no verifican la mano y configuración exactas; no se espejó una pieza para representar otra variante.",""
"13148","COCINA PLATERO CLASS 50MM","13148","Sin marca","4","unidad","Herrajes para Muebles","Media","Conflicto de especificación o variante","Identificación insuficiente","Confirmar si la medida PLATERO CLASS 50MM está expresada en mm o cm, fabricante y referencia completa; aportar etiqueta y foto con dimensiones.","Se localizaron plateros de 50 cm, pero la referencia local no demuestra que sean este artículo de título 50MM.",""
"13160","BOTON MOB ALUM RANURADO 32MM","HMA072-00","Sin marca","101","unidad","Herrajes para Muebles","Media","Conflicto de especificación o variante","Especificación en conflicto por confirmar","Confirmar forma y dimensión.","Catálogo: HMA072-00 ranurado32 mm. Fuente consultada: Fuente actual: botón oval18×26 mm. La diferencia no determina por sí sola qué dato corresponde al inventario.","https://madecentro.com/products/manijas-boton-072"
"13232","RS CORREDERA MAGICBOX 50CM 20"" SLOW GRIS 80MM","RS-H80GR","Sin marca","1","Consultar unidad","Herrajes para Muebles","Media","Identidad o especificación insuficiente","Identificación insuficiente","Aportar etiqueta o ficha de compra que identifique fabricante y modelo completo, longitud, carga, perfil y mecanismo de cierre, junto con foto del artículo real. Indicar también la cantidad/unidad vendida.","Las fuentes consultadas no vinculan de forma suficiente la referencia local con un fabricante, modelo y variante únicos.",""
"13447","BISAGRA SEMI PARCHE VENETO GAS SIN CLICK (PAR)","DCH46B","Sin marca","4","numero de pares","Herrajes para Muebles","Media","Conflicto de especificación o variante","Identificación insuficiente","Aportar etiqueta/ficha Venetto DCH46B que confirme semi-parche y montaje sin click, además de foto de bisagra y base.","El catálogo Venetto consultado muestra códigos y mecanismos distintos; no quedó establecida la equivalencia con DCH46B.",""
"13806","BOTON FUND SOMBRILLA RANURADO N3","","Sin marca","1","unidad","Herrajes para Muebles","Media","Identidad o especificación insuficiente","Identificación insuficiente","Aportar etiqueta o ficha de compra que identifique fabricante y modelo completo, acabado, dimensiones y distancia entre centros, junto con foto del artículo real.","Las fuentes consultadas no vinculan de forma suficiente la referencia local con un fabricante, modelo y variante únicos.",""
"13960","CORREDERA EXT. FEH 35CM 14"" CIERRE LENTO 37KG","6641","FLEXON","17","conjunto","Herrajes para Muebles","Media","Identidad o especificación insuficiente","Identificación insuficiente","Aportar ficha o etiqueta FEH que vincule la referencia local 6640–6644 con la longitud, carga de 37 kg y cierre lento. Incluir foto del mecanismo de esa generación.","Las páginas actuales de cierre suave FEH usan otras referencias; longitud y mecanismo parecidos no acreditan equivalencia con la serie local.",""
"13961","CORREDERA EXT. FEH 40CM 16"" CIERRE LENTO 37KG","6642","FLEXON","17","conjunto","Herrajes para Muebles","Media","Identidad o especificación insuficiente","Identificación insuficiente","Aportar ficha o etiqueta FEH que vincule la referencia local 6640–6644 con la longitud, carga de 37 kg y cierre lento. Incluir foto del mecanismo de esa generación.","Las páginas actuales de cierre suave FEH usan otras referencias; longitud y mecanismo parecidos no acreditan equivalencia con la serie local.",""
"13962","CORREDERA EXT. FEH 45CM 18"" CIERRE LENTO 37KG","6643","FLEXON","21","conjunto","Herrajes para Muebles","Media","Identidad o especificación insuficiente","Identificación insuficiente","Aportar ficha o etiqueta FEH que vincule la referencia local 6640–6644 con la longitud, carga de 37 kg y cierre lento. Incluir foto del mecanismo de esa generación.","Las páginas actuales de cierre suave FEH usan otras referencias; longitud y mecanismo parecidos no acreditan equivalencia con la serie local.",""
"13963","CORREDERA EXT. FEH 50CM 20"" CIERRE LENTO 37KG","6644","FLEXON","10","conjunto","Herrajes para Muebles","Media","Identidad o especificación insuficiente","Identificación insuficiente","Aportar ficha o etiqueta FEH que vincule la referencia local 6640–6644 con la longitud, carga de 37 kg y cierre lento. Incluir foto del mecanismo de esa generación.","Las páginas actuales de cierre suave FEH usan otras referencias; longitud y mecanismo parecidos no acreditan equivalencia con la serie local.",""
"14340","CORREDERA EXT. FEH 30CM 12"" CIERRE LENTO 37KG","6640","FLEXON","8","conjunto","Herrajes para Muebles","Media","Identidad o especificación insuficiente","Identificación insuficiente","Aportar ficha o etiqueta FEH que vincule la referencia local 6640–6644 con la longitud, carga de 37 kg y cierre lento. Incluir foto del mecanismo de esa generación.","Las páginas actuales de cierre suave FEH usan otras referencias; longitud y mecanismo parecidos no acreditan equivalencia con la serie local.",""
"14470","COCINA CUBIERTERO CAL 80 43X48 CM","43X48","Sin marca","6","unidad","Herrajes para Muebles","Media","Identidad o especificación insuficiente","Identificación insuficiente","Aportar etiqueta o ficha de compra que identifique fabricante y modelo completo, medidas de cada eje, color/acabado, mano, cierre y piezas incluidas, junto con foto del artículo real.","Las fuentes consultadas no vinculan de forma suficiente la referencia local con un fabricante, modelo y variante únicos.",""
"14471","COCINA CUBIERTERO CAL 80 53X48 CM","53X48","Sin marca","9","unidad","Herrajes para Muebles","Media","Identidad o especificación insuficiente","Identificación insuficiente","Aportar etiqueta o ficha de compra que identifique fabricante y modelo completo, medidas de cada eje, color/acabado, mano, cierre y piezas incluidas, junto con foto del artículo real.","Las fuentes consultadas no vinculan de forma suficiente la referencia local con un fabricante, modelo y variante únicos.",""
"14519","PATA CLASSI C/N 2X15MM","","Sin marca","50","unidad","Herrajes para Muebles","Media","Identidad o especificación insuficiente","Identificación insuficiente","Aportar etiqueta o ficha de compra que identifique fabricante y modelo completo, medidas, acabado, geometría y piezas incluidas, junto con foto del artículo real.","Las fuentes consultadas no vinculan de forma suficiente la referencia local con un fabricante, modelo y variante únicos.",""
"15558","BISAGRA PARCHE JACK CL (PAR)","GAS P E","Sin marca","1","numero de pares","Herrajes para Muebles","Media","Identidad o especificación insuficiente","Identificación insuficiente","Aportar etiqueta o ficha de compra que identifique fabricante y modelo completo, dimensiones, acabado, montaje, tipo de cierre y piezas incluidas por par, junto con foto del artículo real.","Las fuentes consultadas no vinculan de forma suficiente la referencia local con un fabricante, modelo y variante únicos.",""
"15794","TAPETE ANTIDESLIZANTE PARA CAJONES 1MT X 0.62M","TAPETE ANTIDESLIZANTE PARA CAJONES 1MT X 0.62M","Sin marca","1","metro","Herrajes para Muebles","Media","Identidad o especificación insuficiente","Identificación insuficiente","Aportar etiqueta o ficha de compra que identifique fabricante y modelo completo, dimensiones, acabado y presentación vendida, junto con foto del artículo real.","Las fuentes consultadas no vinculan de forma suficiente la referencia local con un fabricante, modelo y variante únicos.",""
"15887","BOTON REPUJADO CABEZA CRISTAL FUND","","Sin marca","2","unidad","Herrajes para Muebles","Media","Identidad o especificación insuficiente","Identificación insuficiente","Aportar etiqueta o ficha de compra que identifique fabricante y modelo completo, acabado, dimensiones y distancia entre centros, junto con foto del artículo real.","Las fuentes consultadas no vinculan de forma suficiente la referencia local con un fabricante, modelo y variante únicos.",""
"15953","PAPELERA DOBLE RETRACTIL 29ANCHOX36FONDOX38ALTO B1","B1","Sin marca","1","unidad","Herrajes para Muebles","Media","Identidad o especificación insuficiente","Identificación insuficiente","Aportar etiqueta o ficha de compra que identifique fabricante y modelo completo, dimensiones, acabado y presentación vendida, junto con foto del artículo real.","Las fuentes consultadas no vinculan de forma suficiente la referencia local con un fabricante, modelo y variante únicos.",""
"16009","BRAZO TK KEEL DOBLE 8-17KG GS325-H","GS325-H","Sin marca","2","numero de pares","Herrajes para Muebles","Media","Identidad o especificación insuficiente","Identificación insuficiente","Aportar etiqueta o ficha de compra que identifique fabricante y modelo completo, fuerza/carga, recorrido, dimensiones y contenido del conjunto, junto con foto del artículo real.","Las fuentes consultadas no vinculan de forma suficiente la referencia local con un fabricante, modelo y variante únicos.",""
"1958","DUCASSE SIST. DN-80PL 2PTAS","10100217451-10100217301","Sin marca","8","conjunto","Herrajes para Muebles","Media","Identidad o especificación insuficiente","Identificación insuficiente","Confirmar los códigos incluidos y contenido completo del kit DN-80PL para 2 puertas; aportar foto del conjunto vendido, no solo de un carro.","Las imágenes PL2/PL4 comparten un carro individual. La referencia local también incluye un código DN80 SR, por lo que la composición no quedó acreditada.",""
"1998","BOTON FUND SOMBRILLA NEGRO N3","SOMBRINEG","Sin marca","238","unidad","Herrajes para Muebles","Media","Identidad o especificación insuficiente","Identificación insuficiente","Aportar etiqueta o ficha de compra que identifique fabricante y modelo completo, acabado, dimensiones y distancia entre centros, junto con foto del artículo real.","Las fuentes consultadas no vinculan de forma suficiente la referencia local con un fabricante, modelo y variante únicos.",""
"2640","ENGANCHE EN LINEA 20CMX25MM NEGRO","EL 0320","Sin marca","10","unidad","Herrajes para Muebles","Media","Identidad o especificación insuficiente","Identificación insuficiente","Aportar etiqueta o ficha de compra que identifique fabricante y modelo completo, dimensiones, acabado y presentación vendida, junto con foto del artículo real.","Las fuentes consultadas no vinculan de forma suficiente la referencia local con un fabricante, modelo y variante únicos.",""
"2645","PLATINA AMARRE 340X95","PA 0340","Sin marca","34","unidad","Herrajes para Muebles","Media","Identidad o especificación insuficiente","Identificación insuficiente","Aportar etiqueta o ficha de compra que identifique fabricante y modelo completo, dimensiones, acabado y presentación vendida, junto con foto del artículo real.","Las fuentes consultadas no vinculan de forma suficiente la referencia local con un fabricante, modelo y variante únicos.",""
"2646","PLATINA AMARRE 5X10","PA0100","Sin marca","71","unidad","Herrajes para Muebles","Media","Identidad o especificación insuficiente","Identificación insuficiente","Aportar etiqueta o ficha de compra que identifique fabricante y modelo completo, dimensiones, acabado y presentación vendida, junto con foto del artículo real.","Las fuentes consultadas no vinculan de forma suficiente la referencia local con un fabricante, modelo y variante únicos.",""
"2758","ZAPATERO MOB PLASTICO 2 CAPAS NEGRO","HSO407-00","Sin marca","11","unidad","Herrajes para Muebles","Media","Conflicto de especificación o variante","Especificación en conflicto por confirmar","Confirmar marca/generación del inventario; no asumir rebranding por código.","Catálogo: Mobile HSO407-00 negro de dos niveles. Fuente consultada: El producto actual muestra Bonuit grabado; hay registros históricos Mobile. La diferencia no determina por sí sola qué dato corresponde al inventario.","https://madecentro.com/products/hso407-00-zapatero-de-plastico-de-2-capas-negro"
"5964","RIEL DUCASSE U-21 3M ALUMINIO COLGANTE","U-213M","3M","23","unidad","Herrajes para Muebles","Media","Identidad o especificación insuficiente","Identificación insuficiente","Confirmar marca Ducasse, perfil U-21, sección y longitud de 3 m mediante etiqueta/ficha y foto del corte del perfil.","La información de fuente mezcla 3M como marca o longitud. No se interpretó esa ambigüedad como identidad de producto.",""
"6866","TRAMPA PARA 3 CAJONES TRASERA","TU003","Sin marca","14","Consultar unidad","Herrajes para Muebles","Media","Identidad o especificación insuficiente","Identificación insuficiente","Aportar etiqueta o ficha de compra que identifique fabricante y modelo completo, dimensiones, acabado y presentación vendida, junto con foto del artículo real.","Las fuentes consultadas no vinculan de forma suficiente la referencia local con un fabricante, modelo y variante únicos.",""
"7430","OFICINA PORTATECLADO SENCILLO NEGRO","PO N","Sin marca","2","unidad","Herrajes para Muebles","Media","Identidad o especificación insuficiente","Identificación insuficiente","Aportar etiqueta o ficha de compra que identifique fabricante y modelo completo, dimensiones, acabado y presentación vendida, junto con foto del artículo real.","Las fuentes consultadas no vinculan de forma suficiente la referencia local con un fabricante, modelo y variante únicos.",""
"8516","COCINA CUBIERTERO CAL 80 24X48 CM","24X48","Sin marca","9","unidad","Herrajes para Muebles","Media","Identidad o especificación insuficiente","Identificación insuficiente","Aportar etiqueta o ficha de compra que identifique fabricante y modelo completo, medidas de cada eje, color/acabado, mano, cierre y piezas incluidas, junto con foto del artículo real.","Las fuentes consultadas no vinculan de forma suficiente la referencia local con un fabricante, modelo y variante únicos.",""
"8681","HERRAJE CUNA CAB. COMPLETO","8681","Sin marca","4","Consultar unidad","Herrajes para Muebles","Media","Identidad o especificación insuficiente","Identificación insuficiente","Aportar etiqueta o ficha de compra que identifique fabricante y modelo completo, dimensiones, acabado y presentación vendida, junto con foto del artículo real.","Las fuentes consultadas no vinculan de forma suficiente la referencia local con un fabricante, modelo y variante únicos.",""
"9247","RIEL DUCASSE U-29 GALVA-NEGRO 6MTS 1.4MM","10100650601","Sin marca","3","unidad","Herrajes para Muebles","Media","Identidad o especificación insuficiente","Identificación insuficiente","Confirmar perfil U-29 o U-100, acabado y espesor para 10100650601, mediante ficha/etiqueta y foto de sección.","El manual actual asocia el código con U-100 galvanizado, y fuentes anteriores usan U29; no se resolvió generación/acabado GALVA-NEGRO.",""
"0080","FRESA MAXI PARA MADERA BISAGRA 35MM","MAXI87","Sin marca","2","unidad","Herramientas","Media","Identidad o especificación insuficiente","Identificación insuficiente","Aportar fabricante/modelo completo vinculado a MAXI87 y foto de la etiqueta de la fresa para bisagra de 35 mm, con espigo y geometría de corte.","Se encontró otra fresa PG MAXI de 35 mm, pero no una equivalencia documentada con MAXI87. El diámetro no identifica por sí solo el producto.",""
"0110","LIJA DE BANDA 4X24X100","0214615 - 103225","Sin marca","1","unidad","Herramientas","Media","Identidad o especificación insuficiente","Identificación insuficiente","Aportar etiqueta o ficha de compra que identifique fabricante y serie, medidas, grano, material/soporte y presentación vendida, junto con foto del artículo real.","Las fuentes consultadas no vinculan de forma suficiente la referencia local con un fabricante, modelo y variante únicos.",""
"0168","PIBRO PABSA 60 7""","0103520","Sin marca","4","unidad","Herramientas","Media","Identidad o especificación insuficiente","Identificación insuficiente","Aportar etiqueta PABSA 0103520 que identifique serie, diámetro de 7 pulgadas, grano 60 y orificio central; incluir original del disco real.","PIBRO identifica una familia de discos de fibra; el diámetro y grano no resolvieron la serie ni el orificio de esta referencia.",""
"0186","TELA ESMERIL PARA MOLDURA 4X60","T4X60","Sin marca","23.14","metro","Herramientas","Media","Identidad o especificación insuficiente","Identificación insuficiente","Aportar etiqueta o ficha de compra que identifique fabricante y serie, medidas, grano, material/soporte y presentación vendida, junto con foto del artículo real.","Las fuentes/fotografías consultadas no verifican la mano y configuración exactas; no se espejó una pieza para representar otra variante.",""
"0187","TELA ESMERIL PARA MOLDURA 4X100","T4X100","Sin marca","1.12","metro","Herramientas","Media","Identidad o especificación insuficiente","Identificación insuficiente","Aportar etiqueta o ficha de compra que identifique fabricante y serie, medidas, grano, material/soporte y presentación vendida, junto con foto del artículo real.","Las fuentes/fotografías consultadas no verifican la mano y configuración exactas; no se espejó una pieza para representar otra variante.",""
"0194","TELA ESMERIL PARA MOLDURA 6X80","T6X80","Sin marca","8","metro","Herramientas","Media","Identidad o especificación insuficiente","Identificación insuficiente","Aportar etiqueta o ficha de compra que identifique fabricante y serie, medidas, grano, material/soporte y presentación vendida, junto con foto del artículo real.","Las fuentes/fotografías consultadas no verifican la mano y configuración exactas; no se espejó una pieza para representar otra variante.",""
"0291","TENAZA INCOLMA BOLA & UNA 8"" 8-7516 8","10934338106","Sin marca","1","unidad","Herramientas","Media","Identidad o especificación insuficiente","Identificación insuficiente","Aportar etiqueta o ficha de compra que identifique fabricante y modelo completo, medidas, tipo de punta/perfil y acabado, junto con foto del artículo real.","Las fuentes consultadas no vinculan de forma suficiente la referencia local con un fabricante, modelo y variante únicos.",""
"10480","REBORDEADORA MAKITA 1/4"" 560W INDUSTRIAL 3709","3709-122313","MAKITA","3","unidad","Herramientas","Media","Conflicto de especificación o variante","Especificación en conflicto por confirmar","Confirmar placa y versión regional; no cambiar la potencia sin evidencia.","Catálogo: Makita3709 anunciada 560 W. Fuente consultada: Ficha oficial consultada: 530 W. La diferencia no determina por sí sola qué dato corresponde al inventario.","https://makita.com.co/sites/default/files/3709_3710_view.pdf"
"10962","BROCA IRWIN 3/8","45141","IRWIN","2","unidad","Herramientas","Media","Identidad o especificación insuficiente","Identificación insuficiente","Aportar etiqueta o ficha de compra que identifique fabricante y modelo completo, diámetro, longitud, espigo, material y geometría de corte, junto con foto del artículo real.","Las fuentes consultadas no vinculan de forma suficiente la referencia local con un fabricante, modelo y variante únicos.",""
"10963","BROCA IRWIN 7/16","42552","IRWIN","11","unidad","Herramientas","Media","Identidad o especificación insuficiente","Identificación insuficiente","Aportar etiqueta o ficha de compra que identifique fabricante y modelo completo, diámetro, longitud, espigo, material y geometría de corte, junto con foto del artículo real.","Las fuentes consultadas no vinculan de forma suficiente la referencia local con un fabricante, modelo y variante únicos.",""
"10964","BROCA IRWIN 1/2","44958","IRWIN","2","Consultar unidad","Herramientas","Media","Identidad o especificación insuficiente","Identificación insuficiente","Aportar etiqueta o ficha de compra que identifique fabricante y modelo completo, diámetro, longitud, espigo, material y geometría de corte, junto con foto del artículo real. Indicar también la cantidad/unidad vendida.","Las fuentes consultadas no vinculan de forma suficiente la referencia local con un fabricante, modelo y variante únicos.",""
"11131","RODAMIENTO BALINERA PARA FRESA 1/2"" CLAS","F-BALIN","Sin marca","16","unidad","Herramientas","Media","Identidad o especificación insuficiente","Identificación insuficiente","Confirmar fabricante/modelo, diámetro exterior, diámetro interior y ancho de la balinera; aportar etiqueta o dibujo acotado y foto.","La descripción de balinera de 1/2 pulgada y referencia F-BALIN no especifica diámetro interior ni ancho y admite varias piezas distintas.",""
"11136","TOTAL TALADRO INALAM PERCUTOR 1/2"" 20VOLTIOS 2PILAS + CARGADOR UTIDDLI20668","UTIDDLI20668","TOTAL","1","conjunto","Herramientas","Media","Identidad o especificación insuficiente","Identificación insuficiente","Aportar foto legible de la placa/caja TOTAL con código completo UTIDDLI20668, voltaje, función percutora y las dos baterías/cargador incluidos.","Las búsquedas de UTIDDLI20668 no acreditaron un registro de fabricante/proveedor exacto. No se sustituyeron códigos parecidos.",""
"11150","BROCA IRWIN 25/64","25/64","IRWIN","1","unidad","Herramientas","Media","Identidad o especificación insuficiente","Identificación insuficiente","Aportar etiqueta o ficha de compra que identifique fabricante y modelo completo, diámetro, longitud, espigo, material y geometría de corte, junto con foto del artículo real.","Las fuentes consultadas no vinculan de forma suficiente la referencia local con un fabricante, modelo y variante únicos.",""
"1249","DISCO FLAP NORTON CARB 7X7/8X80","1249","Sin marca","1","Consultar unidad","Herramientas","Media","Identidad o especificación insuficiente","Identificación insuficiente","Aportar etiqueta o ficha de compra que identifique fabricante y modelo completo, diámetro/medidas, centro o acople, dientes/grano y uso, junto con foto del artículo real. Indicar también la cantidad/unidad vendida.","Las fuentes consultadas no vinculan de forma suficiente la referencia local con un fabricante, modelo y variante únicos.",""
"15622","CAT PULIDORA 7"" 1800W","DX352U.1","Sin marca","1","unidad","Herramientas","Media","Identidad o especificación insuficiente","Identificación insuficiente","Aportar placa de potencia y referencia completa con sufijo regional, además de foto del equipo CAT del inventario.","Se localizaron variantes de la familia DX352 con otra potencia. No quedó acreditada la combinación exacta del sufijo local y 1800 W.",""
"15789","SIERRA COPA MORSE 1-5/8 BIMETAL","5155924","Sin marca","4","unidad","Herramientas","Media","Identidad o especificación insuficiente","Identificación insuficiente","Aportar etiqueta o ficha de compra que identifique fabricante y modelo completo, medidas, acople, dientes y componentes/cantidad vendidos, junto con foto del artículo real.","Las fuentes consultadas no vinculan de forma suficiente la referencia local con un fabricante, modelo y variante únicos.",""
"1752","BROCA INCOLMA 1/2 HSS","BROCA-1/2","Sin marca","13","unidad","Herramientas","Media","Identidad o especificación insuficiente","Identificación insuficiente","Aportar etiqueta o ficha de compra que identifique fabricante y modelo completo, diámetro, longitud, espigo, material y geometría de corte, junto con foto del artículo real.","Las fuentes/fotografías consultadas no verifican la mano y configuración exactas; no se espejó una pieza para representar otra variante.",""
"1756","BROCA INCOLMA 11/64 HSS","BROCA-11/64","Sin marca","7","Consultar unidad","Herramientas","Media","Identidad o especificación insuficiente","Identificación insuficiente","Aportar etiqueta o ficha de compra que identifique fabricante y modelo completo, diámetro, longitud, espigo, material y geometría de corte, junto con foto del artículo real. Indicar también la cantidad/unidad vendida.","Las fuentes/fotografías consultadas no verifican la mano y configuración exactas; no se espejó una pieza para representar otra variante.",""
"176","PIEDRA PABSA CARBURO DE SILICIO PI 8X3/4","PI 8X3/4 V","Sin marca","12","Consultar unidad","Herramientas","Media","Identidad o especificación insuficiente","Identificación insuficiente","Aportar etiqueta o ficha de compra que identifique fabricante y modelo completo, dimensiones, acabado y presentación vendida, junto con foto del artículo real.","Las fuentes consultadas no vinculan de forma suficiente la referencia local con un fabricante, modelo y variante únicos.",""
"1761","BROCA INCOLMA 17/64 HSS","BROCA-17/64","Sin marca","18","Consultar unidad","Herramientas","Media","Identidad o especificación insuficiente","Identificación insuficiente","Aportar etiqueta o ficha de compra que identifique fabricante y modelo completo, diámetro, longitud, espigo, material y geometría de corte, junto con foto del artículo real. Indicar también la cantidad/unidad vendida.","Las fuentes/fotografías consultadas no verifican la mano y configuración exactas; no se espejó una pieza para representar otra variante.",""
"1775","BROCA INCOLMA 7/16 HSS","BROCA-7/16","Sin marca","30","Consultar unidad","Herramientas","Media","Identidad o especificación insuficiente","Identificación insuficiente","Aportar etiqueta o ficha de compra que identifique fabricante y modelo completo, diámetro, longitud, espigo, material y geometría de corte, junto con foto del artículo real. Indicar también la cantidad/unidad vendida.","Las fuentes/fotografías consultadas no verifican la mano y configuración exactas; no se espejó una pieza para representar otra variante.",""
"190","TELA ESMERIL PARA MOLDURA 4X180","T4X180","Sin marca","22.37","Consultar unidad","Herramientas","Media","Identidad o especificación insuficiente","Identificación insuficiente","Aportar etiqueta o ficha de compra que identifique fabricante y serie, medidas, grano, material/soporte y presentación vendida, junto con foto del artículo real.","Las fuentes/fotografías consultadas no verifican la mano y configuración exactas; no se espejó una pieza para representar otra variante.",""
"2949","FORMON 16 MM BAHCO","FOR-16 BAH","BAHCO","4","unidad","Herramientas","Media","Identidad o especificación insuficiente","Identificación insuficiente","Aportar etiqueta o ficha de compra que identifique fabricante y modelo completo, medidas, tipo de punta/perfil y acabado, junto con foto del artículo real.","Las fuentes/fotografías consultadas no verifican la mano y configuración exactas; no se espejó una pieza para representar otra variante.",""
"3048","GRAPADORA RAPID R34","R34","Sin marca","1","Consultar unidad","Herramientas","Media","Identidad o especificación insuficiente","Identificación insuficiente","Confirmar generación Rapid R34 o R34E y referencia completa del empaque; aportar foto de cuerpo, agarre y mecanismo de ajuste. Indicar también la cantidad/unidad vendida.","Las fuentes actuales presentan R34E; las imágenes antiguas no permiten verificar el modelo/generación del inventario R34.",""
"3420","LIMA NICHOLSON CUCHILLA 10""","LIMA-10CH","Sin marca","4","unidad","Herramientas","Media","Identidad o especificación insuficiente","Identificación insuficiente","Aportar etiqueta o ficha de compra que identifique fabricante y modelo completo, medidas, tipo de punta/perfil y acabado, junto con foto del artículo real.","Las fuentes/fotografías consultadas no verifican la mano y configuración exactas; no se espejó una pieza para representar otra variante.",""
"3429","LIMA NICHOLSON MEDIACANA 12""","LIMA-12M","Sin marca","1","Consultar unidad","Herramientas","Media","Identidad o especificación insuficiente","Identificación insuficiente","Aportar etiqueta o ficha de compra que identifique fabricante y modelo completo, medidas, tipo de punta/perfil y acabado, junto con foto del artículo real. Indicar también la cantidad/unidad vendida.","Las fuentes/fotografías consultadas no verifican la mano y configuración exactas; no se espejó una pieza para representar otra variante.",""
"3462","SEGUETA NICHOLSON 18 DIE. HIERRO","6059547","Sin marca","17","unidad","Herramientas","Media","Identidad o especificación insuficiente","Identificación insuficiente","Aportar etiqueta o ficha de compra que identifique fabricante y modelo completo, dimensiones, acabado y presentación vendida, junto con foto del artículo real.","Las fuentes consultadas no vinculan de forma suficiente la referencia local con un fabricante, modelo y variante únicos.",""
"3463","SEGUETA NICHOLSON 24 DIE. LAMINA","6059548","Sin marca","23","unidad","Herramientas","Media","Identidad o especificación insuficiente","Identificación insuficiente","Aportar etiqueta o ficha de compra que identifique fabricante y modelo completo, dimensiones, acabado y presentación vendida, junto con foto del artículo real.","Las fuentes consultadas no vinculan de forma suficiente la referencia local con un fabricante, modelo y variante únicos.",""
"3672","FORMON MADERA 1/2 BRASIL","16-107","Sin marca","4","unidad","Herramientas","Media","Identidad o especificación insuficiente","Identificación insuficiente","Aportar etiqueta o ficha de compra que identifique fabricante y modelo completo, medidas, tipo de punta/perfil y acabado, junto con foto del artículo real.","Las fuentes/fotografías consultadas no verifican la mano y configuración exactas; no se espejó una pieza para representar otra variante.",""
"4416","AVELLANADOR 2.8X10MM CON TOPE","AVELL T","Sin marca","5","unidad","Herramientas","Media","Identidad o especificación insuficiente","Identificación insuficiente","Aportar fabricante/modelo y foto del avellanador 2,8 × 10 mm con tope del inventario actual; no basta el número de SKU histórico.","El SKU histórico se usó para una broca DW HSS de 11/64, distinta del avellanador actual.",""
"5649","TELA ESMERIL PARA MOLDURA 6X120","T6X120","Sin marca","1.44","Consultar unidad","Herramientas","Media","Identidad o especificación insuficiente","Identificación insuficiente","Aportar etiqueta o ficha de compra que identifique fabricante y serie, medidas, grano, material/soporte y presentación vendida, junto con foto del artículo real.","Las fuentes/fotografías consultadas no verifican la mano y configuración exactas; no se espejó una pieza para representar otra variante.",""
"6488","TORNILLO PTA. BROCA 10X1/2","TOR-BR10X1/2","Sin marca","447","Consultar unidad","Herramientas","Media","Identidad o especificación insuficiente","Identificación insuficiente","Aportar etiqueta o ficha de compra que identifique fabricante y modelo completo, diámetro, longitud, espigo, material y geometría de corte, junto con foto del artículo real. Indicar también la cantidad/unidad vendida.","Las fuentes consultadas no vinculan de forma suficiente la referencia local con un fabricante, modelo y variante únicos.",""
"7910","LIJA PREMIER 80","0208130","Sin marca","3","unidad","Herramientas","Media","Identidad o especificación insuficiente","Identificación insuficiente","Aportar etiqueta o ficha de compra que identifique fabricante y serie, medidas, grano, material/soporte y presentación vendida, junto con foto del artículo real.","Las fuentes consultadas no vinculan de forma suficiente la referencia local con un fabricante, modelo y variante únicos.",""
"7911","LIJA PREMIER 100","PREMIER-100","Sin marca","14","Consultar unidad","Herramientas","Media","Identidad o especificación insuficiente","Identificación insuficiente","Aportar etiqueta o ficha de compra que identifique fabricante y serie, medidas, grano, material/soporte y presentación vendida, junto con foto del artículo real.","Las fuentes consultadas no vinculan de forma suficiente la referencia local con un fabricante, modelo y variante únicos.",""
"7912","LIJA PREMIER 120","0208110","Sin marca","43","unidad","Herramientas","Media","Identidad o especificación insuficiente","Identificación insuficiente","Aportar etiqueta o ficha de compra que identifique fabricante y serie, medidas, grano, material/soporte y presentación vendida, junto con foto del artículo real.","Las fuentes consultadas no vinculan de forma suficiente la referencia local con un fabricante, modelo y variante únicos.",""
"7914","LIJA PREMIER 180","0208120","Sin marca","57","unidad","Herramientas","Media","Identidad o especificación insuficiente","Identificación insuficiente","Aportar etiqueta o ficha de compra que identifique fabricante y serie, medidas, grano, material/soporte y presentación vendida, junto con foto del artículo real.","Las fuentes consultadas no vinculan de forma suficiente la referencia local con un fabricante, modelo y variante únicos.",""
"7915","LIJA PREMIER 220","77696002","Sin marca","57","unidad","Herramientas","Media","Identidad o especificación insuficiente","Identificación insuficiente","Aportar etiqueta o ficha de compra que identifique fabricante y serie, medidas, grano, material/soporte y presentación vendida, junto con foto del artículo real.","Las fuentes consultadas no vinculan de forma suficiente la referencia local con un fabricante, modelo y variante únicos.",""
"8292","BROCA IRWIN MURO 5/32X3","TIW881","IRWIN","25","unidad","Herramientas","Media","Identidad o especificación insuficiente","Identificación insuficiente","Aportar etiqueta o ficha de compra que identifique fabricante y modelo completo, diámetro, longitud, espigo, material y geometría de corte, junto con foto del artículo real.","Las fuentes consultadas no vinculan de forma suficiente la referencia local con un fabricante, modelo y variante únicos.",""
"8499","TORNILLO PTA. BROCA 8X3/4","TOR-BR8X3/4","Sin marca","339","unidad","Herramientas","Media","Identidad o especificación insuficiente","Identificación insuficiente","Aportar etiqueta o ficha de compra que identifique fabricante y modelo completo, diámetro, longitud, espigo, material y geometría de corte, junto con foto del artículo real.","Las fuentes consultadas no vinculan de forma suficiente la referencia local con un fabricante, modelo y variante únicos.",""
"12805","GUANTE TELA Y CARNAZA TCC","RO9446","Sin marca","4","numero de pares","Seguridad Industrial","Media","Conflicto de especificación o variante","Identificación insuficiente","Confirmar fabricante, referencia RO9446 y significado de TCC en el inventario; aportar etiqueta y foto del guante real.","RO9446 aparece en una familia Rotter de carnaza/tela; no se acreditó su correspondencia con TCC ni con otras referencias Toolcraft.",""
"14393","RESPIRADOR BLANCO KN-95","KN95","Sin marca","534","unidad","Seguridad Industrial","Media","Identidad o especificación insuficiente","Identificación insuficiente","Aportar etiqueta o ficha de compra que identifique fabricante y modelo completo, talla, material, color y componentes incluidos, junto con foto del artículo real.","Las fuentes consultadas no vinculan de forma suficiente la referencia local con un fabricante, modelo y variante únicos.",""
"6238","GUANTE NITRILO FORRADO 13"" VERDE","839000415","Sin marca","2","numero de pares","Seguridad Industrial","Media","Identidad o especificación insuficiente","Identificación insuficiente","Aportar etiqueta o ficha de compra que identifique fabricante y modelo completo, talla, material, color y componentes incluidos, junto con foto del artículo real.","Las fuentes consultadas no vinculan de forma suficiente la referencia local con un fabricante, modelo y variante únicos.",""
"6860","GUANTE NEGRO CAL 35 7/8/9","10492498104","Sin marca","11","numero de pares","Seguridad Industrial","Media","Identidad o especificación insuficiente","Identificación insuficiente","Aportar etiqueta o ficha de compra que identifique fabricante y modelo completo, talla, material, color y componentes incluidos, junto con foto del artículo real.","Las fuentes consultadas no vinculan de forma suficiente la referencia local con un fabricante, modelo y variante únicos.",""
"0335","CHAZO PLASTICO COLAPSIBLE 5/16","CHZ8-3","Sin marca","122","unidad","Tornillería y Fijación","Media","Identidad o especificación insuficiente","Identificación insuficiente","Aportar etiqueta o ficha de compra que identifique fabricante o proveedor, medidas, material/acabado, geometría y cantidad de piezas vendida, junto con foto del artículo real.","Las fuentes consultadas no vinculan de forma suficiente la referencia local con un fabricante, modelo y variante únicos.",""
"10256","GRAPA CAMA 16 CMTS","99","Sin marca","2","unidad","Tornillería y Fijación","Media","Identidad o especificación insuficiente","Identificación insuficiente","Aportar etiqueta o ficha de compra que identifique fabricante o proveedor, medidas, material/acabado, geometría y cantidad de piezas vendida, junto con foto del artículo real.","Las fuentes consultadas no vinculan de forma suficiente la referencia local con un fabricante, modelo y variante únicos.",""
"10435","GRAPA SENCO 80-10BAAP","80-10BAAP","Sin marca","16","Caja","Tornillería y Fijación","Media","Identidad o especificación insuficiente","Identificación insuficiente","Aportar etiqueta Senco con código completo 80-10BAAP y cantidad por caja; confirmar cantidad vendida y proporcionar foto de esa presentación.","Se encontraron presentaciones Senco 80-10 con distintas cantidades, sin equivalencia suficiente para el sufijo BAAP local.",""
"11840","TOPE GATO MAGNETICO ESCUALI GT-407","740701","Sin marca","8","unidad","Tornillería y Fijación","Media","Conflicto de especificación o variante","Especificación en conflicto por confirmar","Confirmar identidad/generación; mismo código no acredita equivalencia entre marcas.","Catálogo: Tope Gato GT407, referencia 740701. Fuente consultada: Fabricante actual: Marca Duralock para 407. La diferencia no determina por sí sola qué dato corresponde al inventario.","https://ideace.com/products/e010225"
"12185","TORNILLO AUTOPERF. TW 2-1/2X6","TW2-1/2X6.","Sin marca","2282","Consultar unidad","Tornillería y Fijación","Media","Identidad o especificación insuficiente","Identificación insuficiente","Aportar etiqueta o ficha de compra que identifique fabricante o proveedor, medidas, material/acabado, geometría y cantidad de piezas vendida, junto con foto del artículo real.","Las fuentes consultadas no vinculan de forma suficiente la referencia local con un fabricante, modelo y variante únicos.",""
"12863","SOPORTE OCULTO ARE 30CM ZINCADO","SO30","Sin marca","34","unidad","Tornillería y Fijación","Media","Identidad o especificación insuficiente","Identificación insuficiente","Aportar etiqueta o ficha de compra que identifique fabricante y modelo completo, medidas, acabado, geometría y piezas incluidas, junto con foto del artículo real.","Las fuentes consultadas no vinculan de forma suficiente la referencia local con un fabricante, modelo y variante únicos.",""
"12925","TOPE DE PUERTA 2.3/4 SATIN DE PISO","JN-03S - TOPE MAG-1","Sin marca","33","Consultar unidad","Tornillería y Fijación","Media","Identidad o especificación insuficiente","Identificación insuficiente","Aportar etiqueta o ficha de compra que identifique fabricante y modelo completo, medidas, acabado, geometría y piezas incluidas, junto con foto del artículo real. Indicar también la cantidad/unidad vendida.","Las fuentes consultadas no vinculan de forma suficiente la referencia local con un fabricante, modelo y variante únicos.",""
"13406","TORNILLO AUTOPERF. TW 6X3 ZINCADO","TW3X6","Sin marca","99","Consultar unidad","Tornillería y Fijación","Media","Identidad o especificación insuficiente","Identificación insuficiente","Aportar etiqueta o ficha de compra que identifique fabricante o proveedor, medidas, material/acabado, geometría y cantidad de piezas vendida, junto con foto del artículo real.","Las fuentes consultadas no vinculan de forma suficiente la referencia local con un fabricante, modelo y variante únicos.",""
"13598","TORNILLO AUTOPERF. TW3-1/2X8 ZINCADO","TW3-1/2X8Z","Sin marca","659","unidad","Tornillería y Fijación","Media","Identidad o especificación insuficiente","Identificación insuficiente","Aportar etiqueta o ficha de compra que identifique fabricante o proveedor, medidas, material/acabado, geometría y cantidad de piezas vendida, junto con foto del artículo real.","Las fuentes consultadas no vinculan de forma suficiente la referencia local con un fabricante, modelo y variante únicos.",""
"13652","TOPE AMORTIGUACION BLISTER 100UND","TOPE SILICO","Sin marca","194","hoja","Tornillería y Fijación","Media","Identidad o especificación insuficiente","Identificación insuficiente","Aportar etiqueta o ficha de compra que identifique fabricante y modelo completo, medidas, acabado, geometría y piezas incluidas, junto con foto del artículo real.","Las fuentes consultadas no vinculan de forma suficiente la referencia local con un fabricante, modelo y variante únicos.",""
"13704","TAPA TORNILLO ADHESIVO CAPUCHINO","13704","Sin marca","7","Consultar unidad","Tornillería y Fijación","Media","Identidad o especificación insuficiente","Identificación insuficiente","Aportar etiqueta o ficha de compra que identifique fabricante o proveedor, medidas, material/acabado, geometría y cantidad de piezas vendida, junto con foto del artículo real.","Las fuentes consultadas no vinculan de forma suficiente la referencia local con un fabricante, modelo y variante únicos.",""
"14392","TORNILLO AUTOPERF. TW 2-1/2X6 ZINCADO","TW2-1/2","Sin marca","8916","unidad","Tornillería y Fijación","Media","Identidad o especificación insuficiente","Identificación insuficiente","Aportar etiqueta o ficha de compra que identifique fabricante o proveedor, medidas, material/acabado, geometría y cantidad de piezas vendida, junto con foto del artículo real.","Las fuentes consultadas no vinculan de forma suficiente la referencia local con un fabricante, modelo y variante únicos.",""
"15314","TOPE PISO MEDIA LUNA IMPOR NEGRO","T 1/2 BO N","Sin marca","21","unidad","Tornillería y Fijación","Media","Identidad o especificación insuficiente","Identificación insuficiente","Aportar etiqueta o ficha de compra que identifique fabricante y modelo completo, medidas, acabado, geometría y piezas incluidas, junto con foto del artículo real.","Las fuentes consultadas no vinculan de forma suficiente la referencia local con un fabricante, modelo y variante únicos.",""
"15556","TOPE RESORTADO NEGRO","T-ESPIR","Sin marca","13","unidad","Tornillería y Fijación","Media","Identidad o especificación insuficiente","Identificación insuficiente","Aportar etiqueta o ficha de compra que identifique fabricante y modelo completo, medidas, acabado, geometría y piezas incluidas, junto con foto del artículo real.","Las fuentes consultadas no vinculan de forma suficiente la referencia local con un fabricante, modelo y variante únicos.",""
"1602","CHAZO MARIPOSA 1/4 PLASTICO","CHZ9","Sin marca","1400","unidad","Tornillería y Fijación","Media","Identidad o especificación insuficiente","Identificación insuficiente","Aportar etiqueta o ficha de compra que identifique fabricante o proveedor, medidas, material/acabado, geometría y cantidad de piezas vendida, junto con foto del artículo real.","Las fuentes consultadas no vinculan de forma suficiente la referencia local con un fabricante, modelo y variante únicos.",""
"1607","CHAZO PLASTICO 5/16","CHZ3-3","Sin marca","2119","unidad","Tornillería y Fijación","Media","Identidad o especificación insuficiente","Identificación insuficiente","Aportar etiqueta o ficha de compra que identifique fabricante o proveedor, medidas, material/acabado, geometría y cantidad de piezas vendida, junto con foto del artículo real.","Las fuentes consultadas no vinculan de forma suficiente la referencia local con un fabricante, modelo y variante únicos.",""
"1608","CHAZO PLASTICO 1/4","CHZ2-3","Sin marca","3824","unidad","Tornillería y Fijación","Media","Identidad o especificación insuficiente","Identificación insuficiente","Aportar etiqueta o ficha de compra que identifique fabricante o proveedor, medidas, material/acabado, geometría y cantidad de piezas vendida, junto con foto del artículo real.","Las fuentes consultadas no vinculan de forma suficiente la referencia local con un fabricante, modelo y variante únicos.",""
"1613","FIJACION PARED HN-1414 1/4X1.1/4","NR-1414","Sin marca","205","Consultar unidad","Tornillería y Fijación","Media","Identidad o especificación insuficiente","Identificación insuficiente","Aportar etiqueta o ficha de compra que identifique fabricante y modelo completo, dimensiones, acabado y presentación vendida, junto con foto del artículo real.","Las fuentes consultadas no vinculan de forma suficiente la referencia local con un fabricante, modelo y variante únicos.",""
"1616","FIJACION PARED NP-1418 1/4X1.5/8","NP-1418","Sin marca","150","Consultar unidad","Tornillería y Fijación","Media","Identidad o especificación insuficiente","Identificación insuficiente","Aportar etiqueta o ficha de compra que identifique fabricante y modelo completo, dimensiones, acabado y presentación vendida, junto con foto del artículo real.","Las fuentes consultadas no vinculan de forma suficiente la referencia local con un fabricante, modelo y variante únicos.",""
"1618","FIJACION PARED NP-1428 1/4X2.7/8","NP-1428","Sin marca","464","unidad","Tornillería y Fijación","Media","Identidad o especificación insuficiente","Identificación insuficiente","Aportar etiqueta o ficha de compra que identifique fabricante y modelo completo, dimensiones, acabado y presentación vendida, junto con foto del artículo real.","Las fuentes consultadas no vinculan de forma suficiente la referencia local con un fabricante, modelo y variante únicos.",""
"1625","TORNILLO TW AUTOPERFORANTE 1.1/2 X10 ZINCAD","TW-1.1/2X10","Sin marca","68","unidad","Tornillería y Fijación","Media","Identidad o especificación insuficiente","Identificación insuficiente","Aportar etiqueta o ficha de compra que identifique fabricante o proveedor, medidas, material/acabado, geometría y cantidad de piezas vendida, junto con foto del artículo real.","Las fuentes consultadas no vinculan de forma suficiente la referencia local con un fabricante, modelo y variante únicos.",""
"231","TORNILLO AUTOPERF. TW 3X8 ZINCADO","TW3X8Z","Sin marca","22","Consultar unidad","Tornillería y Fijación","Media","Identidad o especificación insuficiente","Identificación insuficiente","Aportar etiqueta o ficha de compra que identifique fabricante o proveedor, medidas, material/acabado, geometría y cantidad de piezas vendida, junto con foto del artículo real.","Las fuentes consultadas no vinculan de forma suficiente la referencia local con un fabricante, modelo y variante únicos.",""
"2554","TORNILLO AUTOPERF. TW 1-1/4X6 ZINCADO","TW1-1/4X6Z","Sin marca","282","Consultar unidad","Tornillería y Fijación","Media","Identidad o especificación insuficiente","Identificación insuficiente","Aportar etiqueta o ficha de compra que identifique fabricante o proveedor, medidas, material/acabado, geometría y cantidad de piezas vendida, junto con foto del artículo real.","Las fuentes consultadas no vinculan de forma suficiente la referencia local con un fabricante, modelo y variante únicos.",""
"3000","TORNILLO AUTOPERF. TW 1X6 ZINCADO","TW1X6Z","Sin marca","10524","Consultar unidad","Tornillería y Fijación","Media","Identidad o especificación insuficiente","Identificación insuficiente","Aportar etiqueta o ficha de compra que identifique fabricante o proveedor, medidas, material/acabado, geometría y cantidad de piezas vendida, junto con foto del artículo real.","Las fuentes consultadas no vinculan de forma suficiente la referencia local con un fabricante, modelo y variante únicos.",""
"4127","TAPA TORNILLO ADHESIVO BLANCO FUND 108UND","V-21 BLANC","Sin marca","224","hoja","Tornillería y Fijación","Media","Identidad o especificación insuficiente","Identificación insuficiente","Aportar etiqueta o ficha de compra que identifique fabricante o proveedor, medidas, material/acabado, geometría y cantidad de piezas vendida, junto con foto del artículo real.","Las fuentes consultadas no vinculan de forma suficiente la referencia local con un fabricante, modelo y variante únicos.",""
"4832","TORNILLO AUTOPERF. TW 2X8 ZINCADO","TW2X8Z","Sin marca","5287","unidad","Tornillería y Fijación","Media","Identidad o especificación insuficiente","Identificación insuficiente","Aportar etiqueta o ficha de compra que identifique fabricante o proveedor, medidas, material/acabado, geometría y cantidad de piezas vendida, junto con foto del artículo real.","Las fuentes consultadas no vinculan de forma suficiente la referencia local con un fabricante, modelo y variante únicos.",""
"5631","PUNTILLA ACERO 1-1/2 (GUARDESCOBA)","1-1/2SC","Sin marca","1","libra","Tornillería y Fijación","Media","Identidad o especificación insuficiente","Identificación insuficiente","Aportar etiqueta o ficha de compra que identifique fabricante o proveedor, medidas, material/acabado, geometría y cantidad de piezas vendida, junto con foto del artículo real.","Las fuentes consultadas no vinculan de forma suficiente la referencia local con un fabricante, modelo y variante únicos.",""
"5632","PUNTILLA ACERO 1-1/2","PUNT.A-1-1/2","Sin marca","3","libra","Tornillería y Fijación","Media","Identidad o especificación insuficiente","Identificación insuficiente","Aportar etiqueta o ficha de compra que identifique fabricante o proveedor, medidas, material/acabado, geometría y cantidad de piezas vendida, junto con foto del artículo real.","Las fuentes consultadas no vinculan de forma suficiente la referencia local con un fabricante, modelo y variante únicos.",""
"5683","PUNTILLA CON CABEZA DE 1/2""","PUNCC1/2","Sin marca","99","libra","Tornillería y Fijación","Media","Identidad o especificación insuficiente","Identificación insuficiente","Aportar etiqueta o ficha de compra que identifique fabricante o proveedor, medidas, material/acabado, geometría y cantidad de piezas vendida, junto con foto del artículo real.","Las fuentes consultadas no vinculan de forma suficiente la referencia local con un fabricante, modelo y variante únicos.",""
"5684","PUNTILLA CON CABEZA DE 1-1/2""","PUNCC1-1/2","Sin marca","1","Consultar unidad","Tornillería y Fijación","Media","Identidad o especificación insuficiente","Identificación insuficiente","Aportar etiqueta o ficha de compra que identifique fabricante o proveedor, medidas, material/acabado, geometría y cantidad de piezas vendida, junto con foto del artículo real.","Las fuentes consultadas no vinculan de forma suficiente la referencia local con un fabricante, modelo y variante únicos.",""
"5686","PUNTILLA CON CABEZA DE 2""","10670180114","Sin marca","9","libra","Tornillería y Fijación","Media","Identidad o especificación insuficiente","Identificación insuficiente","Aportar etiqueta o ficha de compra que identifique fabricante o proveedor, medidas, material/acabado, geometría y cantidad de piezas vendida, junto con foto del artículo real.","Las fuentes consultadas no vinculan de forma suficiente la referencia local con un fabricante, modelo y variante únicos.",""
"5696","PUNTILLA SIN CABEZA LIBRA DE 1-1/4""","PUNSC1-1/4","Sin marca","1","libra","Tornillería y Fijación","Media","Identidad o especificación insuficiente","Identificación insuficiente","Aportar etiqueta o ficha de compra que identifique fabricante o proveedor, medidas, material/acabado, geometría y cantidad de piezas vendida, junto con foto del artículo real.","Las fuentes consultadas no vinculan de forma suficiente la referencia local con un fabricante, modelo y variante únicos.",""
"5699","PUNTILLA SIN CABEZA LIBRA DE 3/4""","PUNSC3/4","Sin marca","20","libra","Tornillería y Fijación","Media","Identidad o especificación insuficiente","Identificación insuficiente","Aportar etiqueta o ficha de compra que identifique fabricante o proveedor, medidas, material/acabado, geometría y cantidad de piezas vendida, junto con foto del artículo real.","Las fuentes consultadas no vinculan de forma suficiente la referencia local con un fabricante, modelo y variante únicos.",""
"6444","TORNILLO AUTOPERF. TW 2X6","TW2X6","Sin marca","1730","unidad","Tornillería y Fijación","Media","Identidad o especificación insuficiente","Identificación insuficiente","Aportar etiqueta o ficha de compra que identifique fabricante o proveedor, medidas, material/acabado, geometría y cantidad de piezas vendida, junto con foto del artículo real.","Las fuentes consultadas no vinculan de forma suficiente la referencia local con un fabricante, modelo y variante únicos.",""
"6452","TORNILLO AUTOPERF. TW 1-1/4X6","TW1-1/4X6-090301004C","Sin marca","11285","unidad","Tornillería y Fijación","Media","Identidad o especificación insuficiente","Identificación insuficiente","Aportar etiqueta o ficha de compra que identifique fabricante o proveedor, medidas, material/acabado, geometría y cantidad de piezas vendida, junto con foto del artículo real.","Las fuentes consultadas no vinculan de forma suficiente la referencia local con un fabricante, modelo y variante únicos.",""
"6458","TORNILLO AUTOPERF. TW 1X6","TW1X6-090301003C","Sin marca","5043","unidad","Tornillería y Fijación","Media","Identidad o especificación insuficiente","Identificación insuficiente","Aportar etiqueta o ficha de compra que identifique fabricante o proveedor, medidas, material/acabado, geometría y cantidad de piezas vendida, junto con foto del artículo real.","Las fuentes consultadas no vinculan de forma suficiente la referencia local con un fabricante, modelo y variante únicos.",""
"6459","TORNILLO AUTOPERF. TW 1X8","TW1X8  090301011C","Sin marca","10192","unidad","Tornillería y Fijación","Media","Identidad o especificación insuficiente","Identificación insuficiente","Aportar etiqueta o ficha de compra que identifique fabricante o proveedor, medidas, material/acabado, geometría y cantidad de piezas vendida, junto con foto del artículo real.","Las fuentes consultadas no vinculan de forma suficiente la referencia local con un fabricante, modelo y variante únicos.",""
"6461","TORNILLO AUTOPERF. ASA 12X2.1/2","TSA1222","Sin marca","159","Consultar unidad","Tornillería y Fijación","Media","Identidad o especificación insuficiente","Identificación insuficiente","Aportar etiqueta o ficha de compra que identifique fabricante o proveedor, medidas, material/acabado, geometría y cantidad de piezas vendida, junto con foto del artículo real.","Las fuentes consultadas no vinculan de forma suficiente la referencia local con un fabricante, modelo y variante únicos.",""
"6463","TORNILLO AUTOPERF. TW 2-1/2X10","TW2-1/2X10  090301019C","Sin marca","74","unidad","Tornillería y Fijación","Media","Identidad o especificación insuficiente","Identificación insuficiente","Aportar etiqueta o ficha de compra que identifique fabricante o proveedor, medidas, material/acabado, geometría y cantidad de piezas vendida, junto con foto del artículo real.","Las fuentes consultadas no vinculan de forma suficiente la referencia local con un fabricante, modelo y variante únicos.",""
"6465","TORNILLO AUTOPERF. TW 2-1/2X8","TW2-1/2X8","Sin marca","6326","unidad","Tornillería y Fijación","Media","Identidad o especificación insuficiente","Identificación insuficiente","Aportar etiqueta o ficha de compra que identifique fabricante o proveedor, medidas, material/acabado, geometría y cantidad de piezas vendida, junto con foto del artículo real.","Las fuentes consultadas no vinculan de forma suficiente la referencia local con un fabricante, modelo y variante únicos.",""
"6468","TORNILLO AUTOPERF. TW 2X8","TW2X8","Sin marca","3418","Consultar unidad","Tornillería y Fijación","Media","Identidad o especificación insuficiente","Identificación insuficiente","Aportar etiqueta o ficha de compra que identifique fabricante o proveedor, medidas, material/acabado, geometría y cantidad de piezas vendida, junto con foto del artículo real.","Las fuentes consultadas no vinculan de forma suficiente la referencia local con un fabricante, modelo y variante únicos.",""
"6472","TORNILLO AUTOPERF. TW 3/4X6","TW3/4X6-090301002C","Sin marca","19301","unidad","Tornillería y Fijación","Media","Identidad o especificación insuficiente","Identificación insuficiente","Aportar etiqueta o ficha de compra que identifique fabricante o proveedor, medidas, material/acabado, geometría y cantidad de piezas vendida, junto con foto del artículo real.","Las fuentes consultadas no vinculan de forma suficiente la referencia local con un fabricante, modelo y variante únicos.",""
"6474","TORNILLO AUTOPERF. TW 3-1/2X10","TW3-1/2X10  090301022C","Sin marca","780","unidad","Tornillería y Fijación","Media","Identidad o especificación insuficiente","Identificación insuficiente","Aportar etiqueta o ficha de compra que identifique fabricante o proveedor, medidas, material/acabado, geometría y cantidad de piezas vendida, junto con foto del artículo real.","Las fuentes consultadas no vinculan de forma suficiente la referencia local con un fabricante, modelo y variante únicos.",""
"6478","TORNILLO AUTOPERF. TW 4X10","TW4X10","Sin marca","1036","Consultar unidad","Tornillería y Fijación","Media","Identidad o especificación insuficiente","Identificación insuficiente","Aportar etiqueta o ficha de compra que identifique fabricante o proveedor, medidas, material/acabado, geometría y cantidad de piezas vendida, junto con foto del artículo real.","Las fuentes consultadas no vinculan de forma suficiente la referencia local con un fabricante, modelo y variante únicos.",""
"6819","REMACHE POP 4-4 1/8X3/8","POP4-4 10818077106","Sin marca","1","unidad","Tornillería y Fijación","Media","Identidad o especificación insuficiente","Identificación insuficiente","Aportar etiqueta o ficha de compra que identifique fabricante o proveedor, medidas, material/acabado, geometría y cantidad de piezas vendida, junto con foto del artículo real.","Las fuentes consultadas no vinculan de forma suficiente la referencia local con un fabricante, modelo y variante únicos.",""
"6823","REMACHE POP 5-4 5/32X3/8","POP5-4 10818077118","Sin marca","160","unidad","Tornillería y Fijación","Media","Identidad o especificación insuficiente","Identificación insuficiente","Aportar etiqueta o ficha de compra que identifique fabricante o proveedor, medidas, material/acabado, geometría y cantidad de piezas vendida, junto con foto del artículo real.","Las fuentes consultadas no vinculan de forma suficiente la referencia local con un fabricante, modelo y variante únicos.",""
"6824","REMACHE POP 5-6 5/32X1/2","POP5-6 10818077120","Sin marca","430","unidad","Tornillería y Fijación","Media","Identidad o especificación insuficiente","Identificación insuficiente","Aportar etiqueta o ficha de compra que identifique fabricante o proveedor, medidas, material/acabado, geometría y cantidad de piezas vendida, junto con foto del artículo real.","Las fuentes consultadas no vinculan de forma suficiente la referencia local con un fabricante, modelo y variante únicos.",""
"6829","REMACHE POP 6-6 3/16X1/2","0010818077132","Sin marca","385","unidad","Tornillería y Fijación","Media","Identidad o especificación insuficiente","Identificación insuficiente","Aportar etiqueta o ficha de compra que identifique fabricante o proveedor, medidas, material/acabado, geometría y cantidad de piezas vendida, junto con foto del artículo real.","Las fuentes consultadas no vinculan de forma suficiente la referencia local con un fabricante, modelo y variante únicos.",""
"6846","TUERCA UÑA DE 3/8","TUR-U3/8","Sin marca","2096","Consultar unidad","Tornillería y Fijación","Media","Identidad o especificación insuficiente","Identificación insuficiente","Aportar etiqueta o ficha de compra que identifique fabricante o proveedor, medidas, material/acabado, geometría y cantidad de piezas vendida, junto con foto del artículo real.","Las fuentes consultadas no vinculan de forma suficiente la referencia local con un fabricante, modelo y variante únicos.",""
"6847","TUERCA UÑA DE 5/16","TUR-U-5/16","Sin marca","1707","Consultar unidad","Tornillería y Fijación","Media","Identidad o especificación insuficiente","Identificación insuficiente","Aportar etiqueta o ficha de compra que identifique fabricante o proveedor, medidas, material/acabado, geometría y cantidad de piezas vendida, junto con foto del artículo real.","Las fuentes consultadas no vinculan de forma suficiente la referencia local con un fabricante, modelo y variante únicos.",""
"7231","TORNILLO AVELLAN PHILLIPS 6X5/8","PH6X5/8","Sin marca","1871","unidad","Tornillería y Fijación","Media","Identidad o especificación insuficiente","Identificación insuficiente","Aportar etiqueta o ficha de compra que identifique fabricante o proveedor, medidas, material/acabado, geometría y cantidad de piezas vendida, junto con foto del artículo real.","Las fuentes consultadas no vinculan de forma suficiente la referencia local con un fabricante, modelo y variante únicos.",""
"8309","TORNILLO AUTOPERF. TW 3/4X8","TW3/4X8","Sin marca","6136","Consultar unidad","Tornillería y Fijación","Media","Identidad o especificación insuficiente","Identificación insuficiente","Aportar etiqueta o ficha de compra que identifique fabricante o proveedor, medidas, material/acabado, geometría y cantidad de piezas vendida, junto con foto del artículo real.","Las fuentes consultadas no vinculan de forma suficiente la referencia local con un fabricante, modelo y variante únicos.",""
"8605","TORNILLO AUTOPERF. TW 1X8 ZINCADO","TW1X8Z","Sin marca","67","Consultar unidad","Tornillería y Fijación","Media","Identidad o especificación insuficiente","Identificación insuficiente","Aportar etiqueta o ficha de compra que identifique fabricante o proveedor, medidas, material/acabado, geometría y cantidad de piezas vendida, junto con foto del artículo real.","Las fuentes consultadas no vinculan de forma suficiente la referencia local con un fabricante, modelo y variante únicos.",""
"8683","GRAPA CAMA 11.50 CM","6","Sin marca","43","conjunto","Tornillería y Fijación","Media","Identidad o especificación insuficiente","Identificación insuficiente","Aportar etiqueta o ficha de compra que identifique fabricante o proveedor, medidas, material/acabado, geometría y cantidad de piezas vendida, junto con foto del artículo real.","Las fuentes consultadas no vinculan de forma suficiente la referencia local con un fabricante, modelo y variante únicos.",""
"8757","TORNILLO AUTOPERF. TW 3/4X8 ZINCADO","TW3/4X8ZIN","Sin marca","533","Consultar unidad","Tornillería y Fijación","Media","Identidad o especificación insuficiente","Identificación insuficiente","Aportar etiqueta o ficha de compra que identifique fabricante o proveedor, medidas, material/acabado, geometría y cantidad de piezas vendida, junto con foto del artículo real.","Las fuentes consultadas no vinculan de forma suficiente la referencia local con un fabricante, modelo y variante únicos.",""
"9003","TORNILLO AUTOPERF. TW 1-5/8X6 ZINCADO","TW1-5/8X6Z","Sin marca","365","Consultar unidad","Tornillería y Fijación","Media","Identidad o especificación insuficiente","Identificación insuficiente","Aportar etiqueta o ficha de compra que identifique fabricante o proveedor, medidas, material/acabado, geometría y cantidad de piezas vendida, junto con foto del artículo real.","Las fuentes consultadas no vinculan de forma suficiente la referencia local con un fabricante, modelo y variante únicos.",""
"9004","TORNILLO AUTOPERF. TW 2X6 ZINCADO","TW2X6Z","Sin marca","5575","unidad","Tornillería y Fijación","Media","Identidad o especificación insuficiente","Identificación insuficiente","Aportar etiqueta o ficha de compra que identifique fabricante o proveedor, medidas, material/acabado, geometría y cantidad de piezas vendida, junto con foto del artículo real.","Las fuentes consultadas no vinculan de forma suficiente la referencia local con un fabricante, modelo y variante únicos.",""
"9474","CHAZO MARIPOSA 5/16 PLASTICO","CH-5/16MR","Sin marca","1054","unidad","Tornillería y Fijación","Media","Identidad o especificación insuficiente","Identificación insuficiente","Aportar etiqueta o ficha de compra que identifique fabricante o proveedor, medidas, material/acabado, geometría y cantidad de piezas vendida, junto con foto del artículo real.","Las fuentes consultadas no vinculan de forma suficiente la referencia local con un fabricante, modelo y variante únicos.",""
"9790","TORNILLO AUTOPERF. TW 1-1/2X8 ZINCADO","TW1-1/2X8 Z","Sin marca","2844","Consultar unidad","Tornillería y Fijación","Media","Identidad o especificación insuficiente","Identificación insuficiente","Aportar etiqueta o ficha de compra que identifique fabricante o proveedor, medidas, material/acabado, geometría y cantidad de piezas vendida, junto con foto del artículo real.","Las fuentes consultadas no vinculan de forma suficiente la referencia local con un fabricante, modelo y variante únicos.",""
"1019","CINTA ENMASCARAR TESA 2"" 40MTS","43281","Sin marca","22","unidad","Adhesivos y Sellantes","Normal","Sin coincidencia exacta utilizable","Fotografía o variante visual no verificada","Aportar foto individual autorizada del artículo real y de su etiqueta, que permita verificar fabricante y familia exacta, referencia, contenido/medidas, color y presentación vendida.","La imagen encontrada es compartida o agrupa variantes; no acredita por sí sola las medidas, acabado o configuración exactos de este SKU.",""
"10618","CINTA ENMASCARAR TESA 1"" 40 MTS PRACTICA","689","Sin marca","34","unidad","Adhesivos y Sellantes","Normal","Sin coincidencia exacta utilizable","Fotografía o variante visual no verificada","Aportar foto individual autorizada del artículo real y de su etiqueta, que permita verificar fabricante y familia exacta, referencia, contenido/medidas, color y presentación vendida.","La imagen encontrada es compartida o agrupa variantes; no acredita por sí sola las medidas, acabado o configuración exactos de este SKU.",""
"0287","BISAGRA OMEGA BO-90 NEGRA ELECTRO ESTATICA (PAR)","BO-90 P E","Sin marca","44.5","numero de pares","Cerrajería","Normal","Conflicto de especificación o variante","Fotografía o variante visual no verificada","Aportar un original autorizado de la BO-90 negra electrostática, con etiqueta y acabado visibles.","La imagen del modelo encontrada muestra acabado zincado/irizado; no acredita la variante negra solicitada.",""
"0299","BISAGRA OMEGA BO-90 NIQUELADA (PAR)","BO-90NI","Sin marca","152","numero de pares","Cerrajería","Normal","Sin coincidencia exacta utilizable","Fotografía o variante visual no verificada","Aportar foto individual autorizada del artículo real y de su etiqueta, que permita verificar fabricante y modelo completo, dimensiones, acabado, montaje, tipo de cierre y piezas incluidas por par.","La imagen encontrada es compartida o agrupa variantes; no acredita por sí sola las medidas, acabado o configuración exactos de este SKU.",""
"0302","BISAGRA MINIOMEGA BO-10 ZINC AZUL (PAR)","BO-10Z","Sin marca","879","numero de pares","Cerrajería","Normal","Sin coincidencia exacta utilizable","Fotografía o variante visual no verificada","Aportar foto individual autorizada del artículo real y de su etiqueta, que permita verificar fabricante y modelo completo, dimensiones, acabado, montaje, tipo de cierre y piezas incluidas por par.","La imagen encontrada es compartida o agrupa variantes; no acredita por sí sola las medidas, acabado o configuración exactos de este SKU.",""
"0308","BISAGRA OMEGA BO-90 IRIZADA (PAR)","BO-90","Sin marca","29","numero de pares","Cerrajería","Normal","Sin coincidencia exacta utilizable","Fotografía o variante visual no verificada","Aportar foto individual autorizada del artículo real y de su etiqueta, que permita verificar fabricante y modelo completo, dimensiones, acabado, montaje, tipo de cierre y piezas incluidas por par.","La imagen encontrada es compartida o agrupa variantes; no acredita por sí sola las medidas, acabado o configuración exactos de este SKU.",""
"0309","BISAGRA OMEGUITA BO-16 IRIZADA (PAR)","BO-16","Sin marca","35","numero de pares","Cerrajería","Normal","Sin coincidencia exacta utilizable","Fotografía o variante visual no verificada","Aportar foto individual autorizada del artículo real y de su etiqueta, que permita verificar fabricante y modelo completo, dimensiones, acabado, montaje, tipo de cierre y piezas incluidas por par.","La imagen encontrada es compartida o agrupa variantes; no acredita por sí sola las medidas, acabado o configuración exactos de este SKU.",""
"0313","BISAGRA PIVOTE RECTO BP-40(PAR)","BP-40","Sin marca","44","numero de pares","Cerrajería","Normal","Sin coincidencia exacta utilizable","Fotografía o variante visual no verificada","Aportar foto individual autorizada del artículo real y de su etiqueta, que permita verificar fabricante y modelo completo, dimensiones, acabado, montaje, tipo de cierre y piezas incluidas por par.","La imagen encontrada es compartida o agrupa variantes; no acredita por sí sola las medidas, acabado o configuración exactos de este SKU.",""
"0319","BISAGRA PUERTA VIDRIO CROMADA B-200 (PAR)","B-200","Sin marca","2","numero de pares","Cerrajería","Normal","Sin coincidencia exacta utilizable","Fotografía o variante visual no verificada","Aportar foto individual autorizada del artículo real y de su etiqueta, que permita verificar fabricante y modelo completo, dimensiones, acabado, montaje, tipo de cierre y piezas incluidas por par.","La imagen encontrada es compartida o agrupa variantes; no acredita por sí sola las medidas, acabado o configuración exactos de este SKU.",""
"0362","BISAGRA INDUMA HIERRO 2.1/2(PAR)","T1103-0060","Sin marca","9.5","numero de pares","Cerrajería","Normal","Sin coincidencia exacta utilizable","Fotografía o variante visual no verificada","Aportar foto individual autorizada del artículo real y de su etiqueta, que permita verificar fabricante y modelo completo, dimensiones, acabado, montaje, tipo de cierre y piezas incluidas por par.","La imagen encontrada es compartida o agrupa variantes; no acredita por sí sola las medidas, acabado o configuración exactos de este SKU.",""
"0372","BISAGRA INDUMA COMUN LAT 1"" (PAR)","10964343152","Sin marca","1.5","numero de pares","Cerrajería","Normal","Sin coincidencia exacta utilizable","Fotografía o variante visual no verificada","Aportar foto individual autorizada del artículo real y de su etiqueta, que permita verificar fabricante y modelo completo, dimensiones, acabado, montaje, tipo de cierre y piezas incluidas por par.","La imagen encontrada es compartida o agrupa variantes; no acredita por sí sola las medidas, acabado o configuración exactos de este SKU.",""
"0390","BISAGRA INVISIBLE 60MM (PAR)","120 60X13-6576-188027","Sin marca","6","numero de pares","Cerrajería","Normal","Sin coincidencia exacta utilizable","Fotografía o variante visual no verificada","Aportar foto individual autorizada del artículo real y de su etiqueta, que permita verificar fabricante y modelo completo, dimensiones, acabado, montaje, tipo de cierre y piezas incluidas por par.","La imagen encontrada es compartida o agrupa variantes; no acredita por sí sola las medidas, acabado o configuración exactos de este SKU.",""
"0391","BISAGRA INVISIBLE 70MM (PAR)","120 70X16-6577","Sin marca","9","numero de pares","Cerrajería","Normal","Sin coincidencia exacta utilizable","Fotografía o variante visual no verificada","Aportar foto individual autorizada del artículo real y de su etiqueta, que permita verificar fabricante y modelo completo, dimensiones, acabado, montaje, tipo de cierre y piezas incluidas por par.","La imagen encontrada es compartida o agrupa variantes; no acredita por sí sola las medidas, acabado o configuración exactos de este SKU.",""
"0392","BISAGRA INVISIBLE 95MM (PAR)","120 95X16 - 6578","Sin marca","1","numero de pares","Cerrajería","Normal","Sin coincidencia exacta utilizable","Fotografía o variante visual no verificada","Aportar foto individual autorizada del artículo real y de su etiqueta, que permita verificar fabricante y modelo completo, dimensiones, acabado, montaje, tipo de cierre y piezas incluidas por par.","La imagen encontrada es compartida o agrupa variantes; no acredita por sí sola las medidas, acabado o configuración exactos de este SKU.",""
"0394","BISAGRA INVISIBLE TAMBOR 12 MM(PAR)","188002","Sin marca","1","numero de pares","Cerrajería","Normal","Sin coincidencia exacta utilizable","Fotografía o variante visual no verificada","Aportar foto individual autorizada del artículo real y de su etiqueta, que permita verificar fabricante y modelo completo, dimensiones, acabado, montaje, tipo de cierre y piezas incluidas por par.","La imagen encontrada es compartida o agrupa variantes; no acredita por sí sola las medidas, acabado o configuración exactos de este SKU.",""
"0407","BISAGRA PIANO DE 25MM X 2MTS DORADA (UND)","BP225","Sin marca","3","unidad","Cerrajería","Normal","Sin coincidencia exacta utilizable","Fotografía o variante visual no verificada","Aportar foto individual autorizada del artículo real y de su etiqueta, que permita verificar fabricante y modelo completo, dimensiones, acabado, montaje, tipo de cierre y piezas incluidas por par.","La imagen encontrada es compartida o agrupa variantes; no acredita por sí sola las medidas, acabado o configuración exactos de este SKU.",""
"0442","BISAGRA INTERIOR MINI 26MM CLASS (PAR)","MINI-EM","Sin marca","69","numero de pares","Cerrajería","Normal","Sin coincidencia exacta utilizable","Fotografía o variante visual no verificada","Aportar foto individual autorizada del artículo real y de su etiqueta, que permita verificar fabricante y modelo completo, dimensiones, acabado, montaje, tipo de cierre y piezas incluidas por par.","La fotografía candidata no permite verificar la variante exacta del título y referencia. Su rechazo no demuestra un error del catálogo.",""
"0598","CERRADURA CROIX TK-201 CROMADO","CE-1 CE-450","Sin marca","4","unidad","Cerrajería","Normal","Sin coincidencia exacta utilizable","Fotografía o variante visual no verificada","Aportar foto individual autorizada del artículo real y de su etiqueta, que permita verificar fabricante y modelo completo, acabado, mano, backset/medidas y función de ambas caras (llave, mariposa o privacidad).","La imagen encontrada es compartida o agrupa variantes; no acredita por sí sola las medidas, acabado o configuración exactos de este SKU.",""
"0600","CERRADURA EVERGOOD GUANTERA 20MM","Q103-20  GUANTE","Sin marca","99","unidad","Cerrajería","Normal","Sin coincidencia exacta utilizable","Fotografía o variante visual no verificada","Aportar foto individual autorizada del artículo real y de su etiqueta, que permita verificar fabricante y modelo completo, acabado, mano, backset/medidas y función de ambas caras (llave, mariposa o privacidad).","La imagen encontrada es compartida o agrupa variantes; no acredita por sí sola las medidas, acabado o configuración exactos de este SKU.",""
"0805","CERRADURA VIDRIO SENCILLA PEQUEÑA CUADRADO 35MM","407-CHAPVIS","Sin marca","53","unidad","Cerrajería","Normal","Sin coincidencia exacta utilizable","Fotografía o variante visual no verificada","Aportar foto individual autorizada del artículo real y de su etiqueta, que permita verificar fabricante y modelo completo, acabado, mano, backset/medidas y función de ambas caras (llave, mariposa o privacidad).","La imagen encontrada es compartida o agrupa variantes; no acredita por sí sola las medidas, acabado o configuración exactos de este SKU.",""
"0912","CERRADURA VIDRIO DOBLE CROMADA","409","Sin marca","29","unidad","Cerrajería","Normal","Sin coincidencia exacta utilizable","Fotografía o variante visual no verificada","Aportar foto individual autorizada del artículo real y de su etiqueta, que permita verificar fabricante y modelo completo, acabado, mano, backset/medidas y función de ambas caras (llave, mariposa o privacidad).","La imagen encontrada es compartida o agrupa variantes; no acredita por sí sola las medidas, acabado o configuración exactos de este SKU.",""
"0917","YALE CERRADURA SOBREPONER DOBLE PASADOR 987 70MM DERECHA","3003","YALE","3","unidad","Cerrajería","Normal","Sin coincidencia exacta utilizable","Fotografía o variante visual no verificada","Aportar foto individual autorizada del artículo real y de su etiqueta, que permita verificar fabricante y modelo completo, acabado, mano, backset/medidas y función de ambas caras (llave, mariposa o privacidad).","Las fuentes/fotografías consultadas no verifican la mano y configuración exactas; no se espejó una pieza para representar otra variante.",""
"0948","YALE CERRADURA SOBREPONER 31610 50MM PASADOR CUADRADO IZQUIERDA","3071","YALE","2","unidad","Cerrajería","Normal","Sin coincidencia exacta utilizable","Fotografía o variante visual no verificada","Aportar foto individual autorizada del artículo real y de su etiqueta, que permita verificar fabricante y modelo completo, acabado, mano, backset/medidas y función de ambas caras (llave, mariposa o privacidad).","Las fuentes/fotografías consultadas no verifican la mano y configuración exactas; no se espejó una pieza para representar otra variante.",""
"0949","YALE CERRADURA SOBREPONER 31610 50MM PASADOR CUADRADO DERECHA","3070","YALE","2","unidad","Cerrajería","Normal","Sin coincidencia exacta utilizable","Fotografía o variante visual no verificada","Aportar foto individual autorizada del artículo real y de su etiqueta, que permita verificar fabricante y modelo completo, acabado, mano, backset/medidas y función de ambas caras (llave, mariposa o privacidad).","Las fuentes/fotografías consultadas no verifican la mano y configuración exactas; no se espejó una pieza para representar otra variante.",""
"0961","CERRADURA YALE SOBREPONER 3610-60 DERECHA","3046","YALE","3","unidad","Cerrajería","Normal","Sin coincidencia exacta utilizable","Fotografía o variante visual no verificada","Aportar foto individual autorizada del artículo real y de su etiqueta, que permita verificar fabricante y modelo completo, acabado, mano, backset/medidas y función de ambas caras (llave, mariposa o privacidad).","Las fuentes/fotografías consultadas no verifican la mano y configuración exactas; no se espejó una pieza para representar otra variante.",""
"0962","CERRADURA YALE SOBREPONER 3610-60 IZQUIERDA","3047","YALE","3","unidad","Cerrajería","Normal","Sin coincidencia exacta utilizable","Fotografía o variante visual no verificada","Aportar foto individual autorizada del artículo real y de su etiqueta, que permita verificar fabricante y modelo completo, acabado, mano, backset/medidas y función de ambas caras (llave, mariposa o privacidad).","Las fuentes/fotografías consultadas no verifican la mano y configuración exactas; no se espejó una pieza para representar otra variante.",""
"0965","YALE CERRADURA SOBREPONER 396 60MM CON ROSETA DERECHA","3025","YALE","3","unidad","Cerrajería","Normal","Sin coincidencia exacta utilizable","Fotografía o variante visual no verificada","Aportar foto individual autorizada del artículo real y de su etiqueta, que permita verificar fabricante y modelo completo, acabado, mano, backset/medidas y función de ambas caras (llave, mariposa o privacidad).","Las fuentes/fotografías consultadas no verifican la mano y configuración exactas; no se espejó una pieza para representar otra variante.",""
"0968","YALE CERRADURA SOBREPONER DOBLE PASADOR 987 70MM IZQUIERDA","3004","YALE","3","unidad","Cerrajería","Normal","Sin coincidencia exacta utilizable","Fotografía o variante visual no verificada","Aportar foto individual autorizada del artículo real y de su etiqueta, que permita verificar fabricante y modelo completo, acabado, mano, backset/medidas y función de ambas caras (llave, mariposa o privacidad).","Las fuentes/fotografías consultadas no verifican la mano y configuración exactas; no se espejó una pieza para representar otra variante.",""
"10019","MANIJA QUALITA DOS PARTES 32MM","MQS760-32","QUALITA","45","unidad","Cerrajería","Normal","Sin coincidencia exacta utilizable","Fotografía o variante visual no verificada","Aportar foto individual autorizada del artículo real y de su etiqueta, que permita verificar fabricante y modelo completo, acabado, dimensiones y distancia entre centros.","La fotografía candidata no permite verificar la variante exacta del título y referencia. Su rechazo no demuestra un error del catálogo.",""
"10310","BISAGRA MOBILE ACERO 3X2X1.5MM (PAR)","HBP112-0","Sin marca","1.5","numero de pares","Cerrajería","Normal","Sin coincidencia exacta utilizable","Fotografía o variante visual no verificada","Aportar foto individual autorizada del artículo real y de su etiqueta, que permita verificar fabricante y modelo completo, dimensiones, acabado, montaje, tipo de cierre y piezas incluidas por par.","La imagen encontrada es compartida o agrupa variantes; no acredita por sí sola las medidas, acabado o configuración exactos de este SKU.",""
"10410","CERRADURA FEH PICOLORO INCRU 1684CH","4273","Sin marca","1","unidad","Cerrajería","Normal","Sin coincidencia exacta utilizable","Sin coincidencia exacta localizada","Solicitar al proveedor un original autorizado de esta referencia exacta y su etiqueta/ficha, donde consten fabricante y modelo completo, acabado, mano, backset/medidas y función de ambas caras (llave, mariposa o privacidad).","En las fuentes revisadas no se localizó un original individual que pudiera atribuirse con seguridad al título y referencia exactos.",""
"10429","CERRADURA EVERGOOD GUANTERA 25MM","Q103-25","Sin marca","11","unidad","Cerrajería","Normal","Sin coincidencia exacta utilizable","Fotografía o variante visual no verificada","Aportar foto individual autorizada del artículo real y de su etiqueta, que permita verificar fabricante y modelo completo, acabado, mano, backset/medidas y función de ambas caras (llave, mariposa o privacidad).","La imagen encontrada es compartida o agrupa variantes; no acredita por sí sola las medidas, acabado o configuración exactos de este SKU.",""
"10492","BISAGRA INDUMA COMUN 2.1/2 ZINCADA (PAR) T1103-0071","T1103-0071","Sin marca","44","numero de pares","Cerrajería","Normal","Sin coincidencia exacta utilizable","Fotografía o variante visual no verificada","Aportar foto individual autorizada del artículo real y de su etiqueta, que permita verificar fabricante y modelo completo, dimensiones, acabado, montaje, tipo de cierre y piezas incluidas por par.","La imagen encontrada es compartida o agrupa variantes; no acredita por sí sola las medidas, acabado o configuración exactos de este SKU.",""
"10521","BISAGRA MOBILE ACERO 2.5X1.2MM PAR","HBP113-00","Sin marca","11","numero de pares","Cerrajería","Normal","Sin coincidencia exacta utilizable","Fotografía o variante visual no verificada","Aportar foto individual autorizada del artículo real y de su etiqueta, que permita verificar fabricante y modelo completo, dimensiones, acabado, montaje, tipo de cierre y piezas incluidas por par.","La imagen encontrada es compartida o agrupa variantes; no acredita por sí sola las medidas, acabado o configuración exactos de este SKU.",""
"10921","CILINDRO CROIX 70MM LL/MAR CROMADO","CI-13","Sin marca","2","Consultar unidad","Cerrajería","Normal","Sin coincidencia exacta utilizable","Fotografía o variante visual no verificada","Aportar foto individual autorizada del artículo real y de su etiqueta, que permita verificar fabricante y modelo completo, acabado, mano, backset/medidas y función de ambas caras (llave, mariposa o privacidad). Indicar también la cantidad/unidad vendida.","La fotografía candidata no permite verificar la variante exacta del título y referencia. Su rechazo no demuestra un error del catálogo.",""
"11320","CERRADURA OMBLIGO LARGA 19X32","105L PUSH DRAW","Sin marca","60","unidad","Cerrajería","Normal","Imagen retenida por derechos o marca de agua","Imagen retenida por derechos o marca de agua","Aportar foto propia o un original con permiso escrito del titular para publicar esta variante. Verificar fabricante y modelo completo, acabado, mano, backset/medidas y función de ambas caras (llave, mariposa o privacidad).","El original revisado contiene una marca de agua, logotipo sobreimpreso o marca cuya autorización no se acreditó. No se eliminó la marca.",""
"11429","BISAGRA SALICE CENTRAL  FLCAE9R(PAR)","FLCAE9R","Sin marca","2","numero de pares","Cerrajería","Normal","Sin coincidencia exacta utilizable","Fotografía o variante visual no verificada","Aportar foto individual autorizada del artículo real y de su etiqueta, que permita verificar fabricante y modelo completo, dimensiones, acabado, montaje, tipo de cierre y piezas incluidas por par.","La imagen encontrada es compartida o agrupa variantes; no acredita por sí sola las medidas, acabado o configuración exactos de este SKU.",""
"11448","BISAGRA PIANO DE 25 MM X 2 MTS CRO (UND)","BIS-CRO","Sin marca","2","unidad","Cerrajería","Normal","Sin coincidencia exacta utilizable","Fotografía o variante visual no verificada","Aportar foto individual autorizada del artículo real y de su etiqueta, que permita verificar fabricante y modelo completo, dimensiones, acabado, montaje, tipo de cierre y piezas incluidas por par.","La fotografía candidata no permite verificar la variante exacta del título y referencia. Su rechazo no demuestra un error del catálogo.",""
"11587","BISAGRA CLASS ACERO OMEGA 4X3X2MM(PAR)","108O","Sin marca","47","numero de pares","Cerrajería","Normal","Sin coincidencia exacta utilizable","Fotografía o variante visual no verificada","Aportar foto individual autorizada del artículo real y de su etiqueta, que permita verificar fabricante y modelo completo, dimensiones, acabado, montaje, tipo de cierre y piezas incluidas por par.","La imagen encontrada es compartida o agrupa variantes; no acredita por sí sola las medidas, acabado o configuración exactos de este SKU.",""
"11812","BISAGRA INDUMA COMUN 3"" ZINCADA (PAR) T11030-0088","10964343165-T1103-0088","Sin marca","26","numero de pares","Cerrajería","Normal","Sin coincidencia exacta utilizable","Fotografía o variante visual no verificada","Aportar foto individual autorizada del artículo real y de su etiqueta, que permita verificar fabricante y modelo completo, dimensiones, acabado, montaje, tipo de cierre y piezas incluidas por par.","La imagen encontrada es compartida o agrupa variantes; no acredita por sí sola las medidas, acabado o configuración exactos de este SKU.",""
"13048","CERRADURA YALE MANIJA AUSTIN BAÑO","6478","YALE","6","unidad","Cerrajería","Normal","Sin coincidencia exacta utilizable","Fotografía o variante visual no verificada","Aportar foto individual autorizada del artículo real y de su etiqueta, que permita verificar fabricante y modelo completo, acabado, mano, backset/medidas y función de ambas caras (llave, mariposa o privacidad).","La imagen encontrada es compartida o agrupa variantes; no acredita por sí sola las medidas, acabado o configuración exactos de este SKU.",""
"13534","CERRADURA YALE SOBREPONER 107 70 DERECHA","7194","YALE","5","unidad","Cerrajería","Normal","Sin coincidencia exacta utilizable","Fotografía o variante visual no verificada","Aportar foto individual autorizada del artículo real y de su etiqueta, que permita verificar fabricante y modelo completo, acabado, mano, backset/medidas y función de ambas caras (llave, mariposa o privacidad).","Las fuentes/fotografías consultadas no verifican la mano y configuración exactas; no se espejó una pieza para representar otra variante.",""
"1367","CERRADURA KL DE SEGURIDAD PARA VENTANAS BLANCA C640 72 1 B","C640P 72 1 B","KL","7","unidad","Cerrajería","Normal","Sin coincidencia exacta utilizable","Fotografía o variante visual no verificada","Aportar foto individual autorizada del artículo real y de su etiqueta, que permita verificar fabricante y modelo completo, acabado, mano, backset/medidas y función de ambas caras (llave, mariposa o privacidad).","La fotografía candidata no permite verificar la variante exacta del título y referencia. Su rechazo no demuestra un error del catálogo.",""
"13948","CERRADURA FEH POMO SANTORINI ALCOBA","6728","FLEXON","31","unidad","Cerrajería","Normal","Sin coincidencia exacta utilizable","Sin coincidencia exacta localizada","Solicitar al proveedor un original autorizado de esta referencia exacta y su etiqueta/ficha, donde consten fabricante y modelo completo, acabado, mano, backset/medidas y función de ambas caras (llave, mariposa o privacidad).","En las fuentes revisadas no se localizó un original individual que pudiera atribuirse con seguridad al título y referencia exactos.",""
"13949","CERRADURA FEH POMO SANTORINI BAÑO CROMADA","6729","FLEXON","27","unidad","Cerrajería","Normal","Sin coincidencia exacta utilizable","Sin coincidencia exacta localizada","Solicitar al proveedor un original autorizado de esta referencia exacta y su etiqueta/ficha, donde consten fabricante y modelo completo, acabado, mano, backset/medidas y función de ambas caras (llave, mariposa o privacidad).","En las fuentes revisadas no se localizó un original individual que pudiera atribuirse con seguridad al título y referencia exactos.",""
"14335","PASADOR CADENA SEGURIDAD SATIN DISC","J20256","Sin marca","19","unidad","Cerrajería","Normal","Sin coincidencia exacta utilizable","Sin coincidencia exacta localizada","Solicitar al proveedor un original autorizado de esta referencia exacta y su etiqueta/ficha, donde consten fabricante y modelo completo, medidas, acabado, geometría y piezas incluidas.","En las fuentes revisadas no se localizó un original individual que pudiera atribuirse con seguridad al título y referencia exactos.",""
"14422","MANIJA QUALITA ACERO CUADRADA 192","MQS7092-192","QUALITA","50","Consultar unidad","Cerrajería","Normal","Sin coincidencia exacta utilizable","Fotografía o variante visual no verificada","Aportar foto individual autorizada del artículo real y de su etiqueta, que permita verificar fabricante y modelo completo, acabado, dimensiones y distancia entre centros. Indicar también la cantidad/unidad vendida.","La fotografía candidata no permite verificar la variante exacta del título y referencia. Su rechazo no demuestra un error del catálogo.",""
"14714","CERRADURA FEH MANIJA BARU BAÑO NIQUELADA","6822","FLEXON","12","unidad","Cerrajería","Normal","Sin coincidencia exacta utilizable","Sin coincidencia exacta localizada","Solicitar al proveedor un original autorizado de esta referencia exacta y su etiqueta/ficha, donde consten fabricante y modelo completo, acabado, mano, backset/medidas y función de ambas caras (llave, mariposa o privacidad).","En las fuentes revisadas no se localizó un original individual que pudiera atribuirse con seguridad al título y referencia exactos.",""
"14758","MANIJA QUALITA ACERO CUADRADA 96","MQS7092-96","QUALITA","77","unidad","Cerrajería","Normal","Sin coincidencia exacta utilizable","Fotografía o variante visual no verificada","Aportar foto individual autorizada del artículo real y de su etiqueta, que permita verificar fabricante y modelo completo, acabado, dimensiones y distancia entre centros.","La fotografía candidata no permite verificar la variante exacta del título y referencia. Su rechazo no demuestra un error del catálogo.",""
"14828","CERRADURA FEH MANIJA BARU NEGRA BAÑO","6825","FLEXON","4","unidad","Cerrajería","Normal","Sin coincidencia exacta utilizable","Sin coincidencia exacta localizada","Solicitar al proveedor un original autorizado de esta referencia exacta y su etiqueta/ficha, donde consten fabricante y modelo completo, acabado, mano, backset/medidas y función de ambas caras (llave, mariposa o privacidad).","La imagen encontrada es compartida o agrupa variantes; no acredita por sí sola las medidas, acabado o configuración exactos de este SKU.",""
"15126","CERRADURA YALE MANIJA CUADRADA BARI BAÑO NEGRA","9104","YALE","3","unidad","Cerrajería","Normal","Sin coincidencia exacta utilizable","Fotografía o variante visual no verificada","Aportar foto individual autorizada del artículo real y de su etiqueta, que permita verificar fabricante y modelo completo, acabado, mano, backset/medidas y función de ambas caras (llave, mariposa o privacidad).","La imagen encontrada es compartida o agrupa variantes; no acredita por sí sola las medidas, acabado o configuración exactos de este SKU.",""
"15147","CERRADURA YALE EMBUTIR E MINI ALUMINIO LL-LL","4035","YALE","1","unidad","Cerrajería","Normal","Sin coincidencia exacta utilizable","Fotografía o variante visual no verificada","Aportar foto individual autorizada del artículo real y de su etiqueta, que permita verificar fabricante y modelo completo, acabado, mano, backset/medidas y función de ambas caras (llave, mariposa o privacidad).","La fotografía candidata no permite verificar la variante exacta del título y referencia. Su rechazo no demuestra un error del catálogo.",""
"15343","CERRADURA FEH POMO SANTORINI ENTRADA PRINCIPAL","6727","FLEXON","10","unidad","Cerrajería","Normal","Sin coincidencia exacta utilizable","Sin coincidencia exacta localizada","Solicitar al proveedor un original autorizado de esta referencia exacta y su etiqueta/ficha, donde consten fabricante y modelo completo, acabado, mano, backset/medidas y función de ambas caras (llave, mariposa o privacidad).","En las fuentes revisadas no se localizó un original individual que pudiera atribuirse con seguridad al título y referencia exactos.",""
"15497","CERRADURA CROIX TK-207 NQ 2 BARRAS LLAVE TETRA","CE-380","Sin marca","1","unidad","Cerrajería","Normal","Sin coincidencia exacta utilizable","Sin coincidencia exacta localizada","Solicitar al proveedor un original autorizado de esta referencia exacta y su etiqueta/ficha, donde consten fabricante y modelo completo, acabado, mano, backset/medidas y función de ambas caras (llave, mariposa o privacidad).","En las fuentes revisadas no se localizó un original individual que pudiera atribuirse con seguridad al título y referencia exactos.",""
"15855","MANIJA QUALITA ZINCK ALLOY SATINADA 96MM","QHD025-96","QUALITA","7","unidad","Cerrajería","Normal","Sin coincidencia exacta utilizable","Sin coincidencia exacta localizada","Solicitar al proveedor un original autorizado de esta referencia exacta y su etiqueta/ficha, donde consten fabricante y modelo completo, acabado, dimensiones y distancia entre centros.","Las fuentes/fotografías consultadas no verifican la mano y configuración exactas; no se espejó una pieza para representar otra variante.",""
"15856","BISAGRA FEH ACERO 4X3X2MM (PAR)","7216","FLEXON","1","numero de pares","Cerrajería","Normal","Sin coincidencia exacta utilizable","Sin coincidencia exacta localizada","Solicitar al proveedor un original autorizado de esta referencia exacta y su etiqueta/ficha, donde consten fabricante y modelo completo, dimensiones, acabado, montaje, tipo de cierre y piezas incluidas por par.","En las fuentes revisadas no se localizó un original individual que pudiera atribuirse con seguridad al título y referencia exactos.",""
"15874","CERRADURA INAFER SOBREPONER DOBLE PASADOR DERECHA NEGRA","C999","Sin marca","1","unidad","Cerrajería","Normal","Conflicto de especificación o variante","Fotografía o variante visual no verificada","Aportar original autorizado de INAFER C999 negra de mano derecha, con color y orientación del cuerpo verificables.","Se localizó descripción de la variante negra derecha, pero no una foto limpia y verificada; otras fotos eran verdes o no acreditaban la mano.",""
"15918","KL MANIJA NOVOS CUADRADA NEGRO MATE","MJ1 BLACK","KL","3","unidad","Cerrajería","Normal","Sin coincidencia exacta utilizable","Fotografía o variante visual no verificada","Aportar foto individual autorizada del artículo real y de su etiqueta, que permita verificar fabricante y modelo completo, acabado, dimensiones y distancia entre centros.","La fotografía candidata no permite verificar la variante exacta del título y referencia. Su rechazo no demuestra un error del catálogo.",""
"2194","CERRADURA YALE DOB/PAS 987-1/4S.D.P PLUS","3116","YALE","1","unidad","Cerrajería","Normal","Sin coincidencia exacta utilizable","Fotografía o variante visual no verificada","Aportar foto individual autorizada del artículo real y de su etiqueta, que permita verificar fabricante y modelo completo, acabado, mano, backset/medidas y función de ambas caras (llave, mariposa o privacidad).","Las fuentes/fotografías consultadas no verifican la mano y configuración exactas; no se espejó una pieza para representar otra variante.",""
"2895","MANIJA QUALITA ACERO NEGRA 96","MQS7092-96BLK","QUALITA","40","unidad","Cerrajería","Normal","Sin coincidencia exacta utilizable","Fotografía o variante visual no verificada","Aportar foto individual autorizada del artículo real y de su etiqueta, que permita verificar fabricante y modelo completo, acabado, dimensiones y distancia entre centros.","La imagen encontrada es compartida o agrupa variantes; no acredita por sí sola las medidas, acabado o configuración exactos de este SKU.",""
"332","BISAGRA GATO 2.5X2.5 COB(PAR)","GT-239 2.5X2.5C","Sin marca","25.5","numero de pares","Cerrajería","Normal","Sin coincidencia exacta utilizable","Fotografía o variante visual no verificada","Aportar foto individual autorizada del artículo real y de su etiqueta, que permita verificar fabricante y modelo completo, dimensiones, acabado, montaje, tipo de cierre y piezas incluidas por par.","La imagen encontrada es compartida o agrupa variantes; no acredita por sí sola las medidas, acabado o configuración exactos de este SKU.",""
"4762","BISAGRA INVISIBLE 45MM (PAR)","187905-6575","Sin marca","8","numero de pares","Cerrajería","Normal","Sin coincidencia exacta utilizable","Fotografía o variante visual no verificada","Aportar foto individual autorizada del artículo real y de su etiqueta, que permita verificar fabricante y modelo completo, dimensiones, acabado, montaje, tipo de cierre y piezas incluidas por par.","La imagen encontrada es compartida o agrupa variantes; no acredita por sí sola las medidas, acabado o configuración exactos de este SKU.",""
"5079","PASADOR AMIG 390-60 NIQUELADO","AMIG 390-60 NQ","Sin marca","8","unidad","Cerrajería","Normal","Fuente o acceso restringido","Fuente o acceso restringido","Solicitar al proveedor el original autorizado y su ficha/etiqueta por un canal permitido. Deben confirmar fabricante y modelo completo, medidas, acabado, geometría y piezas incluidas.","Se identificó una fuente candidata, pero una restricción de acceso impidió obtener o revisar el original exacto. No se eludió esa restricción.",""
"6881","BISAGRA INDUMA 3X3 CALIBRE 16 DORADA (PAR) t1106-0061","T1106-0061","Sin marca","1.5","numero de pares","Cerrajería","Normal","Sin coincidencia exacta utilizable","Fotografía o variante visual no verificada","Aportar foto individual autorizada del artículo real y de su etiqueta, que permita verificar fabricante y modelo completo, dimensiones, acabado, montaje, tipo de cierre y piezas incluidas por par.","La imagen encontrada es compartida o agrupa variantes; no acredita por sí sola las medidas, acabado o configuración exactos de este SKU.",""
"6882","BISAGRA INDUMA 3X3 CALIBRE 16 ZINCADA(PAR) T1106-0084","T1106-0084","Sin marca","2.5","numero de pares","Cerrajería","Normal","Sin coincidencia exacta utilizable","Fotografía o variante visual no verificada","Aportar foto individual autorizada del artículo real y de su etiqueta, que permita verificar fabricante y modelo completo, dimensiones, acabado, montaje, tipo de cierre y piezas incluidas por par.","La imagen encontrada es compartida o agrupa variantes; no acredita por sí sola las medidas, acabado o configuración exactos de este SKU.",""
"6923","BISAGRA INTERIOR FEH-SKY (PAR)","6366","Sin marca","4","numero de pares","Cerrajería","Normal","Sin coincidencia exacta utilizable","Fotografía o variante visual no verificada","Aportar foto individual autorizada del artículo real y de su etiqueta, que permita verificar fabricante y modelo completo, dimensiones, acabado, montaje, tipo de cierre y piezas incluidas por par.","La imagen encontrada es compartida o agrupa variantes; no acredita por sí sola las medidas, acabado o configuración exactos de este SKU.",""
"7435","CERRADURA INAFER C-333 MEGA DERECHA 3BARRAS","C-333 D","Sin marca","5","unidad","Cerrajería","Normal","Sin coincidencia exacta utilizable","Fotografía o variante visual no verificada","Aportar foto individual autorizada del artículo real y de su etiqueta, que permita verificar fabricante y modelo completo, acabado, mano, backset/medidas y función de ambas caras (llave, mariposa o privacidad).","Las fuentes/fotografías consultadas no verifican la mano y configuración exactas; no se espejó una pieza para representar otra variante.",""
"7511","BISAGRA INDUMA 2.5X2.5 CALIBRE 16 DORADA(PAR)","10964343194-T1106-0027","Sin marca","41.5","numero de pares","Cerrajería","Normal","Sin coincidencia exacta utilizable","Fotografía o variante visual no verificada","Aportar foto individual autorizada del artículo real y de su etiqueta, que permita verificar fabricante y modelo completo, dimensiones, acabado, montaje, tipo de cierre y piezas incluidas por par.","La imagen encontrada es compartida o agrupa variantes; no acredita por sí sola las medidas, acabado o configuración exactos de este SKU.",""
"7521","BISAGRA OMEGA BO-90 ZIN AZUL (PAR)","BO-90 Z","Sin marca","992.5","numero de pares","Cerrajería","Normal","Sin coincidencia exacta utilizable","Fotografía o variante visual no verificada","Aportar foto individual autorizada del artículo real y de su etiqueta, que permita verificar fabricante y modelo completo, dimensiones, acabado, montaje, tipo de cierre y piezas incluidas por par.","La imagen encontrada es compartida o agrupa variantes; no acredita por sí sola las medidas, acabado o configuración exactos de este SKU.",""
"7664","BISAGRA OMEGUITA BO-16 ZINC AZUL (PAR)","BO-16Z","Sin marca","27","numero de pares","Cerrajería","Normal","Sin coincidencia exacta utilizable","Fotografía o variante visual no verificada","Aportar foto individual autorizada del artículo real y de su etiqueta, que permita verificar fabricante y modelo completo, dimensiones, acabado, montaje, tipo de cierre y piezas incluidas por par.","La imagen encontrada es compartida o agrupa variantes; no acredita por sí sola las medidas, acabado o configuración exactos de este SKU.",""
"8164","CERRADURA TRAMPA MOB NEGRA","HCV701-06","Sin marca","36","unidad","Cerrajería","Normal","Sin coincidencia exacta utilizable","Fotografía o variante visual no verificada","Aportar foto individual autorizada del artículo real y de su etiqueta, que permita verificar fabricante y modelo completo, acabado, mano, backset/medidas y función de ambas caras (llave, mariposa o privacidad).","La imagen encontrada es compartida o agrupa variantes; no acredita por sí sola las medidas, acabado o configuración exactos de este SKU.",""
"8367","PASADOR FUND PUSH 3","PUSH-1","Sin marca","24","unidad","Cerrajería","Normal","Sin coincidencia exacta utilizable","Sin coincidencia exacta localizada","Solicitar al proveedor un original autorizado de esta referencia exacta y su etiqueta/ficha, donde consten fabricante y modelo completo, medidas, acabado, geometría y piezas incluidas.","En las fuentes revisadas no se localizó un original individual que pudiera atribuirse con seguridad al título y referencia exactos.",""
"8503","CERRADURA YALE EMBUTIR E35E 35MM","4062","YALE","1","unidad","Cerrajería","Normal","Sin coincidencia exacta utilizable","Fotografía o variante visual no verificada","Aportar foto individual autorizada del artículo real y de su etiqueta, que permita verificar fabricante y modelo completo, acabado, mano, backset/medidas y función de ambas caras (llave, mariposa o privacidad).","La imagen encontrada es compartida o agrupa variantes; no acredita por sí sola las medidas, acabado o configuración exactos de este SKU.",""
"8559","CERRADURA YALE DOB/PAS 987-1/4S.I.P PLUS","3117","YALE","1","unidad","Cerrajería","Normal","Sin coincidencia exacta utilizable","Fotografía o variante visual no verificada","Aportar foto individual autorizada del artículo real y de su etiqueta, que permita verificar fabricante y modelo completo, acabado, mano, backset/medidas y función de ambas caras (llave, mariposa o privacidad).","Las fuentes/fotografías consultadas no verifican la mano y configuración exactas; no se espejó una pieza para representar otra variante.",""
"8672","CERRADURA EVERGOOD GUANTERA 30MM","103L-309691","Sin marca","62","unidad","Cerrajería","Normal","Sin coincidencia exacta utilizable","Fotografía o variante visual no verificada","Aportar foto individual autorizada del artículo real y de su etiqueta, que permita verificar fabricante y modelo completo, acabado, mano, backset/medidas y función de ambas caras (llave, mariposa o privacidad).","La imagen encontrada es compartida o agrupa variantes; no acredita por sí sola las medidas, acabado o configuración exactos de este SKU.",""
"9006","CERRADURA YALE MUEBLE 2044L","5009","YALE","9","unidad","Cerrajería","Normal","Sin coincidencia exacta utilizable","Sin coincidencia exacta localizada","Solicitar al proveedor un original autorizado de esta referencia exacta y su etiqueta/ficha, donde consten fabricante y modelo completo, acabado, mano, backset/medidas y función de ambas caras (llave, mariposa o privacidad).","La imagen encontrada es compartida o agrupa variantes; no acredita por sí sola las medidas, acabado o configuración exactos de este SKU.",""
"9195","CERRADURA FEH POMO SANTORINI ALCOBA NEGRA","-6670","Sin marca","11","unidad","Cerrajería","Normal","Sin coincidencia exacta utilizable","Sin coincidencia exacta localizada","Solicitar al proveedor un original autorizado de esta referencia exacta y su etiqueta/ficha, donde consten fabricante y modelo completo, acabado, mano, backset/medidas y función de ambas caras (llave, mariposa o privacidad).","En las fuentes revisadas no se localizó un original individual que pudiera atribuirse con seguridad al título y referencia exactos.",""
"9331","CILINDRO CROIX 60MM LL-LL CROMADO","CI-3","Sin marca","5","unidad","Cerrajería","Normal","Sin coincidencia exacta utilizable","Fotografía o variante visual no verificada","Aportar foto individual autorizada del artículo real y de su etiqueta, que permita verificar fabricante y modelo completo, acabado, mano, backset/medidas y función de ambas caras (llave, mariposa o privacidad).","La fotografía candidata no permite verificar la variante exacta del título y referencia. Su rechazo no demuestra un error del catálogo.",""
"9856","BISAGRA FEH 3X3 2.0MM ACERO CAJA BLANCA(PAR)","4278 FEH","Sin marca","1","numero de pares","Cerrajería","Normal","Sin coincidencia exacta utilizable","Fotografía o variante visual no verificada","Aportar foto individual autorizada del artículo real y de su etiqueta, que permita verificar fabricante y modelo completo, dimensiones, acabado, montaje, tipo de cierre y piezas incluidas por par.","La imagen encontrada es compartida o agrupa variantes; no acredita por sí sola las medidas, acabado o configuración exactos de este SKU.",""
"9937","BISAGRA INDUMA COMUN 1 1/2 ZINCADA (PAR)","10964343256-T1103-0033","Sin marca","0.5","numero de pares","Cerrajería","Normal","Sin coincidencia exacta utilizable","Fotografía o variante visual no verificada","Aportar foto individual autorizada del artículo real y de su etiqueta, que permita verificar fabricante y modelo completo, dimensiones, acabado, montaje, tipo de cierre y piezas incluidas por par.","La fotografía candidata no permite verificar la variante exacta del título y referencia. Su rechazo no demuestra un error del catálogo.",""
"0170","GROMMET SELENE NEGRO 75MM 2CORRIENTES 1USB 1TIPOC","SELENE","Sin marca","8","unidad","Eléctrico","Normal","Sin coincidencia exacta utilizable","Sin coincidencia exacta localizada","Solicitar al proveedor un original autorizado de esta referencia exacta y su etiqueta/ficha, donde consten fabricante y modelo completo, color, dimensiones, cantidad/tipo de conexiones y capacidad eléctrica.","En las fuentes revisadas no se localizó un original individual que pudiera atribuirse con seguridad al título y referencia exactos.",""
"0171","GROMMET SELENE BLANCO 75MM 2CORRIENTES 1USB 1TIPOC","SELENE","Sin marca","3","unidad","Eléctrico","Normal","Sin coincidencia exacta utilizable","Sin coincidencia exacta localizada","Solicitar al proveedor un original autorizado de esta referencia exacta y su etiqueta/ficha, donde consten fabricante y modelo completo, color, dimensiones, cantidad/tipo de conexiones y capacidad eléctrica.","En las fuentes revisadas no se localizó un original individual que pudiera atribuirse con seguridad al título y referencia exactos.",""
"13592","GROMMET NEPTUNO CORRIENTE NEGRO","GNN","Sin marca","9","unidad","Eléctrico","Normal","Sin coincidencia exacta utilizable","Sin coincidencia exacta localizada","Solicitar al proveedor un original autorizado de esta referencia exacta y su etiqueta/ficha, donde consten fabricante y modelo completo, color, dimensiones, cantidad/tipo de conexiones y capacidad eléctrica.","En las fuentes revisadas no se localizó un original individual que pudiera atribuirse con seguridad al título y referencia exactos.",""
"16007","GROMMET SELENE NEGRO 75MM 1 CORRIENTE 1 USB 1 TIPOC","","Sin marca","1","unidad","Eléctrico","Normal","Sin coincidencia exacta utilizable","Sin coincidencia exacta localizada","Solicitar al proveedor un original autorizado de esta referencia exacta y su etiqueta/ficha, donde consten fabricante y modelo completo, color, dimensiones, cantidad/tipo de conexiones y capacidad eléctrica.","En las fuentes revisadas no se localizó un original individual que pudiera atribuirse con seguridad al título y referencia exactos.",""
"6894","CABLE ENCAUCHETADO 3X14","ELE-CE3X14","Sin marca","2.1","Consultar unidad","Eléctrico","Normal","Sin coincidencia exacta utilizable","Fotografía o variante visual no verificada","Aportar foto individual autorizada del artículo real y de su etiqueta, que permita verificar fabricante y modelo completo, medidas, potencia/capacidad eléctrica y configuración de conexión. Indicar también la cantidad/unidad vendida.","La imagen encontrada es compartida o agrupa variantes; no acredita por sí sola las medidas, acabado o configuración exactos de este SKU.",""
"6905","CABLE DUPLEX 2X12 CENTELSA","ADXA012","Sin marca","35","unidad","Eléctrico","Normal","Sin coincidencia exacta utilizable","Fotografía o variante visual no verificada","Aportar foto individual autorizada del artículo real y de su etiqueta, que permita verificar fabricante y modelo completo, medidas, potencia/capacidad eléctrica y configuración de conexión.","La imagen encontrada es compartida o agrupa variantes; no acredita por sí sola las medidas, acabado o configuración exactos de este SKU.",""
"11123","OFICINA VERTEBRA NEGRA","RTK018","Sin marca","20","unidad","Ferretería General","Normal","Sin coincidencia exacta utilizable","Sin coincidencia exacta localizada","Solicitar al proveedor un original autorizado de esta referencia exacta y su etiqueta/ficha, donde consten fabricante y modelo completo, dimensiones, acabado y presentación vendida.","En las fuentes revisadas no se localizó un original individual que pudiera atribuirse con seguridad al título y referencia exactos.",""
"11791","ESCUADRA PLASTICA S26","S26","Sin marca","1220","unidad","Ferretería General","Normal","Sin coincidencia exacta utilizable","Sin coincidencia exacta localizada","Solicitar al proveedor un original autorizado de esta referencia exacta y su etiqueta/ficha, donde consten fabricante y modelo completo, medidas, acabado, geometría y piezas incluidas.","En las fuentes revisadas no se localizó un original individual que pudiera atribuirse con seguridad al título y referencia exactos.",""
"14277","PUSH FUND N 4 METALICO","PUSH-4","Sin marca","52","unidad","Ferretería General","Normal","Sin coincidencia exacta utilizable","Sin coincidencia exacta localizada","Solicitar al proveedor un original autorizado de esta referencia exacta y su etiqueta/ficha, donde consten fabricante y modelo completo, dimensiones, acabado y presentación vendida.","En las fuentes revisadas no se localizó un original individual que pudiera atribuirse con seguridad al título y referencia exactos.",""
"14443","REJI CARRO BOTELLERO 2 NIVELES GRIS PLAS","43021","Sin marca","5","unidad","Ferretería General","Normal","Sin coincidencia exacta utilizable","Sin coincidencia exacta localizada","Solicitar al proveedor un original autorizado de esta referencia exacta y su etiqueta/ficha, donde consten fabricante y modelo completo, dimensiones, acabado y presentación vendida.","En las fuentes revisadas no se localizó un original individual que pudiera atribuirse con seguridad al título y referencia exactos.",""
"15044","TRAMPA DE 60 CM ECOMONICA CLAS DE 16 X 22 MM","TRAMPA DE 60 CM","Sin marca","135","unidad","Ferretería General","Normal","Sin coincidencia exacta utilizable","Sin coincidencia exacta localizada","Solicitar al proveedor un original autorizado de esta referencia exacta y su etiqueta/ficha, donde consten fabricante y modelo completo, dimensiones, acabado y presentación vendida.","En las fuentes revisadas no se localizó un original individual que pudiera atribuirse con seguridad al título y referencia exactos.",""
"15261","PUSH ID MODULARES GRIS","413605","Sin marca","31","unidad","Ferretería General","Normal","Sin coincidencia exacta utilizable","Sin coincidencia exacta localizada","Solicitar al proveedor un original autorizado de esta referencia exacta y su etiqueta/ficha, donde consten fabricante y modelo completo, dimensiones, acabado y presentación vendida.","En las fuentes revisadas no se localizó un original individual que pudiera atribuirse con seguridad al título y referencia exactos.",""
"2022","PUSH FUND N 3 METALICO","PUSH-3","Sin marca","54","unidad","Ferretería General","Normal","Sin coincidencia exacta utilizable","Sin coincidencia exacta localizada","Solicitar al proveedor un original autorizado de esta referencia exacta y su etiqueta/ficha, donde consten fabricante y modelo completo, dimensiones, acabado y presentación vendida.","En las fuentes revisadas no se localizó un original individual que pudiera atribuirse con seguridad al título y referencia exactos.",""
"5547","DILATADOR ACERO CLAS 12X25","GA02H1","Sin marca","6","unidad","Ferretería General","Normal","Sin coincidencia exacta utilizable","Sin coincidencia exacta localizada","Solicitar al proveedor un original autorizado de esta referencia exacta y su etiqueta/ficha, donde consten fabricante y modelo completo, medidas, acabado, geometría y piezas incluidas.","La imagen encontrada es compartida o agrupa variantes; no acredita por sí sola las medidas, acabado o configuración exactos de este SKU.",""
"5915","PUSH FUND N 5 BLANCO-GRIS ECONOMICO","PUSH-5FUNDI","Sin marca","15","unidad","Ferretería General","Normal","Sin coincidencia exacta utilizable","Sin coincidencia exacta localizada","Solicitar al proveedor un original autorizado de esta referencia exacta y su etiqueta/ficha, donde consten fabricante y modelo completo, dimensiones, acabado y presentación vendida.","En las fuentes revisadas no se localizó un original individual que pudiera atribuirse con seguridad al título y referencia exactos.",""
"6312","SOPORTE ENTREPAO CHA 50-15-24 BLA","50-15-24","Sin marca","417","Consultar unidad","Ferretería General","Normal","Sin coincidencia exacta utilizable","Sin coincidencia exacta localizada","Solicitar al proveedor un original autorizado de esta referencia exacta y su etiqueta/ficha, donde consten fabricante y modelo completo, medidas, acabado, geometría y piezas incluidas. Indicar también la cantidad/unidad vendida.","En las fuentes revisadas no se localizó un original individual que pudiera atribuirse con seguridad al título y referencia exactos.",""
"6363","HERRAJE REPISA IRIZADO FUERTE ERC-70 (PAR)","ERC-70 I","Sin marca","8","numero de pares","Ferretería General","Normal","Conflicto de especificación o variante","Fotografía o variante visual no verificada","Aportar original autorizado de la referencia y acabado indicados en el título, con etiqueta y medidas. No usar una foto de otro acabado recoloreada.","La imagen de familia encontrada no acredita el acabado exacto del SKU; no se modificó color ni se sustituyó la variante.",""
"6373","ESCUADRA MOSTRADOR SENCILLA PINTADA NEGRA","EM 0301","Sin marca","1","unidad","Ferretería General","Normal","Sin coincidencia exacta utilizable","Sin coincidencia exacta localizada","Solicitar al proveedor un original autorizado de esta referencia exacta y su etiqueta/ficha, donde consten fabricante y modelo completo, medidas, acabado, geometría y piezas incluidas.","En las fuentes revisadas no se localizó un original individual que pudiera atribuirse con seguridad al título y referencia exactos.",""
"6392","CIERRE MAGNETICO DOBLE PUSH 22-20","IMVM0908","Sin marca","1","unidad","Ferretería General","Normal","Sin coincidencia exacta utilizable","Fotografía o variante visual no verificada","Aportar foto individual autorizada del artículo real y de su etiqueta, que permita verificar fabricante y modelo completo, dimensiones, acabado y presentación vendida.","La fotografía candidata no permite verificar la variante exacta del título y referencia. Su rechazo no demuestra un error del catálogo.",""
"6393","CIERRE MAGNETICO SENCILLO PUSH 22-05","IMVM4011   KEXPSEN","Sin marca","19","unidad","Ferretería General","Normal","Sin coincidencia exacta utilizable","Fotografía o variante visual no verificada","Aportar foto individual autorizada del artículo real y de su etiqueta, que permita verificar fabricante y modelo completo, dimensiones, acabado y presentación vendida.","La fotografía candidata no permite verificar la variante exacta del título y referencia. Su rechazo no demuestra un error del catálogo.",""
"6405","TOPE RESORTADO INDUMA ZINCADO M-78","M-78    TOPPRE","Sin marca","1","unidad","Ferretería General","Normal","Sin coincidencia exacta utilizable","Sin coincidencia exacta localizada","Solicitar al proveedor un original autorizado de esta referencia exacta y su etiqueta/ficha, donde consten fabricante y modelo completo, medidas, acabado, geometría y piezas incluidas.","En las fuentes revisadas no se localizó un original individual que pudiera atribuirse con seguridad al título y referencia exactos.",""
"6408","CIERRE VAIVEN DE BOLA 7/8 COBRIZADO","DBC19  TOPB19","Sin marca","15","unidad","Ferretería General","Normal","Sin coincidencia exacta utilizable","Sin coincidencia exacta localizada","Solicitar al proveedor un original autorizado de esta referencia exacta y su etiqueta/ficha, donde consten fabricante y modelo completo, dimensiones, acabado y presentación vendida.","En las fuentes revisadas no se localizó un original individual que pudiera atribuirse con seguridad al título y referencia exactos.",""
"6429","TOPE MAGNETICO CAFE","CMG-2","Sin marca","6","unidad","Ferretería General","Normal","Sin coincidencia exacta utilizable","Sin coincidencia exacta localizada","Solicitar al proveedor un original autorizado de esta referencia exacta y su etiqueta/ficha, donde consten fabricante y modelo completo, medidas, acabado, geometría y piezas incluidas.","En las fuentes revisadas no se localizó un original individual que pudiera atribuirse con seguridad al título y referencia exactos.",""
"7840","OFICINA VERTEBRA PLATEADA","RTK019","Sin marca","23","unidad","Ferretería General","Normal","Sin coincidencia exacta utilizable","Sin coincidencia exacta localizada","Solicitar al proveedor un original autorizado de esta referencia exacta y su etiqueta/ficha, donde consten fabricante y modelo completo, dimensiones, acabado y presentación vendida.","En las fuentes revisadas no se localizó un original individual que pudiera atribuirse con seguridad al título y referencia exactos.",""
"2243","LLAVE TERMINAL GATO 1346 CON PERNO","GT-1346","Sin marca","27","Consultar unidad","Fontanería","Normal","Sin coincidencia exacta utilizable","Sin coincidencia exacta localizada","Solicitar al proveedor un original autorizado de esta referencia exacta y su etiqueta/ficha, donde consten fabricante y modelo completo, dimensiones, acabado y presentación vendida.","En las fuentes revisadas no se localizó un original individual que pudiera atribuirse con seguridad al título y referencia exactos.",""
"0375","BISAGRA INDUMA P/MUEBLE 3"" DORADA(PAR)","10964343256-T1105-0064","Sin marca","52.5","numero de pares","Herrajes para Muebles","Normal","Sin coincidencia exacta utilizable","Fotografía o variante visual no verificada","Aportar foto individual autorizada del artículo real y de su etiqueta, que permita verificar fabricante y modelo completo, dimensiones, acabado, montaje, tipo de cierre y piezas incluidas por par.","La imagen encontrada es compartida o agrupa variantes; no acredita por sí sola las medidas, acabado o configuración exactos de este SKU.",""
"10341","COCINA PATA PLASTICA ZOCALO ALUMINIZADO-PVC 10CMS","FIMPP59","Sin marca","6","unidad","Herrajes para Muebles","Normal","Sin coincidencia exacta utilizable","Fotografía o variante visual no verificada","Aportar foto individual autorizada del artículo real y de su etiqueta, que permita verificar fabricante y modelo completo, medidas de cada eje, color/acabado, mano, cierre y piezas incluidas.","La imagen encontrada es compartida o agrupa variantes; no acredita por sí sola las medidas, acabado o configuración exactos de este SKU.",""
"1048","COCINA CORREDERA LAT. P-520","P-520","Sin marca","13","conjunto","Herrajes para Muebles","Normal","Sin coincidencia exacta utilizable","Sin coincidencia exacta localizada","Solicitar al proveedor un original autorizado de esta referencia exacta y su etiqueta/ficha, donde consten fabricante y modelo completo, longitud, carga, perfil y mecanismo de cierre.","En las fuentes revisadas no se localizó un original individual que pudiera atribuirse con seguridad al título y referencia exactos.",""
"1054","COCINA PLATERO FIJO 90CM","GE-025-900  DSP900","Sin marca","3","unidad","Herrajes para Muebles","Normal","Sin coincidencia exacta utilizable","Fotografía o variante visual no verificada","Aportar foto individual autorizada del artículo real y de su etiqueta, que permita verificar fabricante y modelo completo, medidas de cada eje, color/acabado, mano, cierre y piezas incluidas.","La imagen encontrada es compartida o agrupa variantes; no acredita por sí sola las medidas, acabado o configuración exactos de este SKU.",""
"10594","CORREDERA EXT. CLASIC 75CM 30"" 50KG","75ZTP","Sin marca","2","conjunto","Herrajes para Muebles","Normal","Sin coincidencia exacta utilizable","Sin coincidencia exacta localizada","Solicitar al proveedor un original autorizado de esta referencia exacta y su etiqueta/ficha, donde consten fabricante y modelo completo, longitud, carga, perfil y mecanismo de cierre.","En las fuentes revisadas no se localizó un original individual que pudiera atribuirse con seguridad al título y referencia exactos.",""
"10626","BISAGRA MAXI SEMIPARCHE CIERRE LENTO CON CLIP INOX (PAR)","MAXI39-CS-INOX","Sin marca","32","numero de pares","Herrajes para Muebles","Normal","Sin coincidencia exacta utilizable","Sin coincidencia exacta localizada","Solicitar al proveedor un original autorizado de esta referencia exacta y su etiqueta/ficha, donde consten fabricante y modelo completo, dimensiones, acabado, montaje, tipo de cierre y piezas incluidas por par.","En las fuentes revisadas no se localizó un original individual que pudiera atribuirse con seguridad al título y referencia exactos.",""
"10774","BRAZO NEUMATICO (T) 60 CLASSIC","60 N","Sin marca","41","unidad","Herrajes para Muebles","Normal","Fuente o acceso restringido","Fuente o acceso restringido","Solicitar al proveedor el original autorizado y su ficha/etiqueta por un canal permitido. Deben confirmar fabricante y modelo completo, fuerza/carga, recorrido, dimensiones y contenido del conjunto.","Se identificó una fuente candidata, pero una restricción de acceso impidió obtener o revisar el original exacto. No se eludió esa restricción.",""
"10795","CORREDERA EXT. CLASIC 60CM 24"" 50KG","60Z","Sin marca","6","conjunto","Herrajes para Muebles","Normal","Sin coincidencia exacta utilizable","Sin coincidencia exacta localizada","Solicitar al proveedor un original autorizado de esta referencia exacta y su etiqueta/ficha, donde consten fabricante y modelo completo, longitud, carga, perfil y mecanismo de cierre.","En las fuentes revisadas no se localizó un original individual que pudiera atribuirse con seguridad al título y referencia exactos.",""
"10800","TRAMPA COMPLETA DOBLE PUNTO","2377600","Sin marca","3","unidad","Herrajes para Muebles","Normal","Sin coincidencia exacta utilizable","Sin coincidencia exacta localizada","Solicitar al proveedor un original autorizado de esta referencia exacta y su etiqueta/ficha, donde consten fabricante y modelo completo, dimensiones, acabado y presentación vendida.","En las fuentes revisadas no se localizó un original individual que pudiera atribuirse con seguridad al título y referencia exactos.",""
"11256","CORREDERA EXT. CLASIC 55CM 22"" 50KG","3032-22CL","Sin marca","21","conjunto","Herrajes para Muebles","Normal","Sin coincidencia exacta utilizable","Sin coincidencia exacta localizada","Solicitar al proveedor un original autorizado de esta referencia exacta y su etiqueta/ficha, donde consten fabricante y modelo completo, longitud, carga, perfil y mecanismo de cierre.","En las fuentes revisadas no se localizó un original individual que pudiera atribuirse con seguridad al título y referencia exactos.",""
"11442","NIVELADOR SAG 5/16X1.1/4BASE 40 NEGRO","NV2-03-1","Sin marca","111","unidad","Herrajes para Muebles","Normal","Sin coincidencia exacta utilizable","Sin coincidencia exacta localizada","Solicitar al proveedor un original autorizado de esta referencia exacta y su etiqueta/ficha, donde consten fabricante y modelo completo, dimensiones, acabado y presentación vendida.","En las fuentes revisadas no se localizó un original individual que pudiera atribuirse con seguridad al título y referencia exactos.",""
"11505","CORREDERA EXT. CLASIC 50 CM 50 KILOS","3032-20CL","Sin marca","8","numero de pares","Herrajes para Muebles","Normal","Sin coincidencia exacta utilizable","Sin coincidencia exacta localizada","Solicitar al proveedor un original autorizado de esta referencia exacta y su etiqueta/ficha, donde consten fabricante y modelo completo, longitud, carga, perfil y mecanismo de cierre.","En las fuentes revisadas no se localizó un original individual que pudiera atribuirse con seguridad al título y referencia exactos.",""
"11516","COCINA ESQUINA SLOW 516 DERECHA SON UN 8","YN516RSL","Sin marca","1","Consultar unidad","Herrajes para Muebles","Normal","Sin coincidencia exacta utilizable","Fotografía o variante visual no verificada","Aportar foto individual autorizada del artículo real y de su etiqueta, que permita verificar fabricante y modelo completo, medidas de cada eje, color/acabado, mano, cierre y piezas incluidas. Indicar también la cantidad/unidad vendida.","Las fuentes/fotografías consultadas no verifican la mano y configuración exactas; no se espejó una pieza para representar otra variante.",""
"11543","CAZUELA QUALITA ACERO 50","QM003-50","QUALITA","37","unidad","Herrajes para Muebles","Normal","Sin coincidencia exacta utilizable","Sin coincidencia exacta localizada","Solicitar al proveedor un original autorizado de esta referencia exacta y su etiqueta/ficha, donde consten fabricante y modelo completo, acabado, dimensiones y distancia entre centros.","Las fuentes/fotografías consultadas no verifican la mano y configuración exactas; no se espejó una pieza para representar otra variante.",""
"11572","CORREDERA EXT. CLASIC 12"" PUSH","30ZP","Sin marca","1","numero de pares","Herrajes para Muebles","Normal","Sin coincidencia exacta utilizable","Fotografía o variante visual no verificada","Aportar foto individual autorizada del artículo real y de su etiqueta, que permita verificar fabricante y modelo completo, longitud, carga, perfil y mecanismo de cierre.","La fotografía candidata no permite verificar la variante exacta del título y referencia. Su rechazo no demuestra un error del catálogo.",""
"11735","CAZUELA CLASSIC 128","040-128.","Sin marca","145","Consultar unidad","Herrajes para Muebles","Normal","Fuente o acceso restringido","Fuente o acceso restringido","Solicitar al proveedor el original autorizado y su ficha/etiqueta por un canal permitido. Deben confirmar fabricante y modelo completo, acabado, dimensiones y distancia entre centros. Indicar también la cantidad/unidad vendida.","Se identificó una fuente candidata, pero una restricción de acceso impidió obtener o revisar el original exacto. No se eludió esa restricción.",""
"11800","CAZUELA QUALITA RECTANGULAR NEGRA 128","QAN308-128 BLK","QUALITA","82","unidad","Herrajes para Muebles","Normal","Sin coincidencia exacta utilizable","Fotografía o variante visual no verificada","Aportar foto individual autorizada del artículo real y de su etiqueta, que permita verificar fabricante y modelo completo, acabado, dimensiones y distancia entre centros.","La imagen encontrada es compartida o agrupa variantes; no acredita por sí sola las medidas, acabado o configuración exactos de este SKU.",""
"11993","BRAZO NEUMATICO (T) 80 CLASSIC","BRAZO 80 N","Sin marca","45","unidad","Herrajes para Muebles","Normal","Fuente o acceso restringido","Fuente o acceso restringido","Solicitar al proveedor el original autorizado y su ficha/etiqueta por un canal permitido. Deben confirmar fabricante y modelo completo, fuerza/carga, recorrido, dimensiones y contenido del conjunto.","Se identificó una fuente candidata, pero una restricción de acceso impidió obtener o revisar el original exacto. No se eludió esa restricción.",""
"12053","COCINA CUBIERTERO CAL 80 73X48 CM","12053","Sin marca","8","unidad","Herrajes para Muebles","Normal","Sin coincidencia exacta utilizable","Fotografía o variante visual no verificada","Aportar foto individual autorizada del artículo real y de su etiqueta, que permita verificar fabricante y modelo completo, medidas de cada eje, color/acabado, mano, cierre y piezas incluidas.","La imagen encontrada es compartida o agrupa variantes; no acredita por sí sola las medidas, acabado o configuración exactos de este SKU.",""
"12088","NIVELADOR SAG METALICO 5/16X1 UNIDAD","NV6-01","Sin marca","27","unidad","Herrajes para Muebles","Normal","Sin coincidencia exacta utilizable","Sin coincidencia exacta localizada","Solicitar al proveedor un original autorizado de esta referencia exacta y su etiqueta/ficha, donde consten fabricante y modelo completo, dimensiones, acabado y presentación vendida.","En las fuentes revisadas no se localizó un original individual que pudiera atribuirse con seguridad al título y referencia exactos.",""
"1218","CORREDERA OVER THE TOP GYM 35 CM 14""","GYM-14.","Sin marca","23","conjunto","Herrajes para Muebles","Normal","Sin coincidencia exacta utilizable","Fotografía o variante visual no verificada","Aportar foto individual autorizada del artículo real y de su etiqueta, que permita verificar fabricante y modelo completo, longitud, carga, perfil y mecanismo de cierre.","La imagen encontrada es compartida o agrupa variantes; no acredita por sí sola las medidas, acabado o configuración exactos de este SKU.",""
"1219","CORREDERA OVER THE TOP GYM 30 CM 12""","GYM-12""","Sin marca","17","conjunto","Herrajes para Muebles","Normal","Sin coincidencia exacta utilizable","Fotografía o variante visual no verificada","Aportar foto individual autorizada del artículo real y de su etiqueta, que permita verificar fabricante y modelo completo, longitud, carga, perfil y mecanismo de cierre.","La imagen encontrada es compartida o agrupa variantes; no acredita por sí sola las medidas, acabado o configuración exactos de este SKU.",""
"12234","BRAZO SALICE DOBLE FL1D78X MOD 80","FL1D78X","Sin marca","2","unidad","Herrajes para Muebles","Normal","Sin coincidencia exacta utilizable","Sin coincidencia exacta localizada","Solicitar al proveedor un original autorizado de esta referencia exacta y su etiqueta/ficha, donde consten fabricante y modelo completo, fuerza/carga, recorrido, dimensiones y contenido del conjunto.","En las fuentes revisadas no se localizó un original individual que pudiera atribuirse con seguridad al título y referencia exactos.",""
"12276","BISAGRA MAXI PARCHE CIERRE LENTO CON CLIP INOX (PAR)","MAXI39-CP-INOX","Sin marca","83","numero de pares","Herrajes para Muebles","Normal","Sin coincidencia exacta utilizable","Sin coincidencia exacta localizada","Solicitar al proveedor un original autorizado de esta referencia exacta y su etiqueta/ficha, donde consten fabricante y modelo completo, dimensiones, acabado, montaje, tipo de cierre y piezas incluidas por par.","En las fuentes revisadas no se localizó un original individual que pudiera atribuirse con seguridad al título y referencia exactos.",""
"12364","BRAZO SALICE GAS 600N FLMGSE600","FLMGSE600","Sin marca","1","unidad","Herrajes para Muebles","Normal","Fuente o acceso restringido","Fuente o acceso restringido","Solicitar al proveedor el original autorizado y su ficha/etiqueta por un canal permitido. Deben confirmar fabricante y modelo completo, fuerza/carga, recorrido, dimensiones y contenido del conjunto.","Se identificó una fuente candidata, pero una restricción de acceso impidió obtener o revisar el original exacto. No se eludió esa restricción.",""
"12531","MANIJA MOB ALUM CAZUELA 12.8","HMA456-03","Sin marca","65","Consultar unidad","Herrajes para Muebles","Normal","Sin coincidencia exacta utilizable","Sin coincidencia exacta localizada","Solicitar al proveedor un original autorizado de esta referencia exacta y su etiqueta/ficha, donde consten fabricante y modelo completo, acabado, dimensiones y distancia entre centros. Indicar también la cantidad/unidad vendida.","Las fuentes/fotografías consultadas no verifican la mano y configuración exactas; no se espejó una pieza para representar otra variante.",""
"12660","SOPORTE ENTREPAÑO TRANSPARENTE","QC4088   SV-01  SET-6","Sin marca","1141","unidad","Herrajes para Muebles","Normal","Fuente o acceso restringido","Fuente o acceso restringido","Solicitar al proveedor el original autorizado y su ficha/etiqueta por un canal permitido. Deben confirmar fabricante y modelo completo, medidas, acabado, geometría y piezas incluidas.","Se identificó una fuente candidata, pero una restricción de acceso impidió obtener o revisar el original exacto. No se eludió esa restricción.",""
"13102","PATA CLASSI C/N 2X80MM","N2X80MM","Sin marca","97","unidad","Herrajes para Muebles","Normal","Sin coincidencia exacta utilizable","Sin coincidencia exacta localizada","Solicitar al proveedor un original autorizado de esta referencia exacta y su etiqueta/ficha, donde consten fabricante y modelo completo, medidas, acabado, geometría y piezas incluidas.","En las fuentes revisadas no se localizó un original individual que pudiera atribuirse con seguridad al título y referencia exactos.",""
"13103","PATA CLASSI C/N 2X100MM","N-2""X100","Sin marca","74","unidad","Herrajes para Muebles","Normal","Sin coincidencia exacta utilizable","Sin coincidencia exacta localizada","Solicitar al proveedor un original autorizado de esta referencia exacta y su etiqueta/ficha, donde consten fabricante y modelo completo, medidas, acabado, geometría y piezas incluidas.","En las fuentes revisadas no se localizó un original individual que pudiera atribuirse con seguridad al título y referencia exactos.",""
"13608","NIVELADOR SAG 5/16X1""1/4 BASE 40 GRIS","120G - NV2-02-4","Sin marca","178","unidad","Herrajes para Muebles","Normal","Sin coincidencia exacta utilizable","Sin coincidencia exacta localizada","Solicitar al proveedor un original autorizado de esta referencia exacta y su etiqueta/ficha, donde consten fabricante y modelo completo, dimensiones, acabado y presentación vendida.","En las fuentes revisadas no se localizó un original individual que pudiera atribuirse con seguridad al título y referencia exactos.",""
"14089","BRAZO NEUMATICO C/L 80N GRASS","BGC-80","Sin marca","26","unidad","Herrajes para Muebles","Normal","Sin coincidencia exacta utilizable","Sin coincidencia exacta localizada","Solicitar al proveedor un original autorizado de esta referencia exacta y su etiqueta/ficha, donde consten fabricante y modelo completo, fuerza/carga, recorrido, dimensiones y contenido del conjunto.","En las fuentes revisadas no se localizó un original individual que pudiera atribuirse con seguridad al título y referencia exactos.",""
"14259","CORREDERA EXT INV VENETO 50CM CIERE LENT","CV-50","Sin marca","3","Consultar unidad","Herrajes para Muebles","Normal","Sin coincidencia exacta utilizable","Sin coincidencia exacta localizada","Solicitar al proveedor un original autorizado de esta referencia exacta y su etiqueta/ficha, donde consten fabricante y modelo completo, longitud, carga, perfil y mecanismo de cierre. Indicar también la cantidad/unidad vendida.","En las fuentes revisadas no se localizó un original individual que pudiera atribuirse con seguridad al título y referencia exactos.",""
"14837","CAZUELA FUN INCRUSTAR NEGRO 96","CAZ 96N","Sin marca","13","unidad","Herrajes para Muebles","Normal","Fuente o acceso restringido","Fuente o acceso restringido","Solicitar al proveedor el original autorizado y su ficha/etiqueta por un canal permitido. Deben confirmar fabricante y modelo completo, acabado, dimensiones y distancia entre centros.","Se identificó una fuente candidata, pero una restricción de acceso impidió obtener o revisar el original exacto. No se eludió esa restricción.",""
"15116","CAZUELA RECTANGULAR ACERO INOX 201 NEGRA 115X42 REFQ2309L-BLK","Q2309L-BLK","Sin marca","2","unidad","Herrajes para Muebles","Normal","Sin coincidencia exacta utilizable","Sin coincidencia exacta localizada","Solicitar al proveedor un original autorizado de esta referencia exacta y su etiqueta/ficha, donde consten fabricante y modelo completo, acabado, dimensiones y distancia entre centros.","En las fuentes revisadas no se localizó un original individual que pudiera atribuirse con seguridad al título y referencia exactos.",""
"15127","BOTON PM-0143","PM-0143","Sin marca","79","unidad","Herrajes para Muebles","Normal","Sin coincidencia exacta utilizable","Sin coincidencia exacta localizada","Solicitar al proveedor un original autorizado de esta referencia exacta y su etiqueta/ficha, donde consten fabricante y modelo completo, acabado, dimensiones y distancia entre centros.","En las fuentes revisadas no se localizó un original individual que pudiera atribuirse con seguridad al título y referencia exactos.",""
"15262","CAZUELA REDONDA NEGRA","Q3505BLK-8386N","QUALITA","71","unidad","Herrajes para Muebles","Normal","Sin coincidencia exacta utilizable","Sin coincidencia exacta localizada","Solicitar al proveedor un original autorizado de esta referencia exacta y su etiqueta/ficha, donde consten fabricante y modelo completo, acabado, dimensiones y distancia entre centros.","Las fuentes/fotografías consultadas no verifican la mano y configuración exactas; no se espejó una pieza para representar otra variante.",""
"15559","BISAGRA SEMIPARCHE JACK CIERRE LENTO (PAR)","GAS S J","Sin marca","4","numero de pares","Herrajes para Muebles","Normal","Fuente o acceso restringido","Fuente o acceso restringido","Solicitar al proveedor el original autorizado y su ficha/etiqueta por un canal permitido. Deben confirmar fabricante y modelo completo, dimensiones, acabado, montaje, tipo de cierre y piezas incluidas por par.","Se identificó una fuente candidata, pero una restricción de acceso impidió obtener o revisar el original exacto. No se eludió esa restricción.",""
"15803","BRAZO NEUMATICO C/L 120 GRASS","BRAZO NEUMATICO C/L 120 GRASS","Sin marca","49","unidad","Herrajes para Muebles","Normal","Sin coincidencia exacta utilizable","Sin coincidencia exacta localizada","Solicitar al proveedor un original autorizado de esta referencia exacta y su etiqueta/ficha, donde consten fabricante y modelo completo, fuerza/carga, recorrido, dimensiones y contenido del conjunto.","En las fuentes revisadas no se localizó un original individual que pudiera atribuirse con seguridad al título y referencia exactos.",""
"15839","PATA CLASSI 90CM X 60MM REF 835","835-60X","Sin marca","5","unidad","Herrajes para Muebles","Normal","Conflicto de especificación o variante","Sin coincidencia exacta localizada","Aportar ficha y original autorizado de la pata 835 de 90 cm de alto y 60 mm de diámetro, con medida/etiqueta verificables.","Las fuentes localizadas muestran versiones de 810 y 1000 mm. No se encontró original exacto para los 900 mm indicados.",""
"15860","BISAGRA MAXI PARCHE CIERRE LENTO 3D CON CLIP NEGRA MAXI47-3DN (PAR)","MAXI47-3DN","Sin marca","12","numero de pares","Herrajes para Muebles","Normal","Sin coincidencia exacta utilizable","Sin coincidencia exacta localizada","Solicitar al proveedor un original autorizado de esta referencia exacta y su etiqueta/ficha, donde consten fabricante y modelo completo, dimensiones, acabado, montaje, tipo de cierre y piezas incluidas por par.","En las fuentes revisadas no se localizó un original individual que pudiera atribuirse con seguridad al título y referencia exactos.",""
"15908","BISAGRA MAXI PARCHE 3D CIERRE LENTO INOX (PAR)","MAXI47-3D-IN","Sin marca","37","numero de pares","Herrajes para Muebles","Normal","Sin coincidencia exacta utilizable","Sin coincidencia exacta localizada","Solicitar al proveedor un original autorizado de esta referencia exacta y su etiqueta/ficha, donde consten fabricante y modelo completo, dimensiones, acabado, montaje, tipo de cierre y piezas incluidas por par.","En las fuentes revisadas no se localizó un original individual que pudiera atribuirse con seguridad al título y referencia exactos.",""
"15940","BISAGRA MAXI PARCHE CIERRE LENTO INOX (PAR)","MAXI44-CP-ING","Sin marca","87","numero de pares","Herrajes para Muebles","Normal","Sin coincidencia exacta utilizable","Sin coincidencia exacta localizada","Solicitar al proveedor un original autorizado de esta referencia exacta y su etiqueta/ficha, donde consten fabricante y modelo completo, dimensiones, acabado, montaje, tipo de cierre y piezas incluidas por par.","En las fuentes revisadas no se localizó un original individual que pudiera atribuirse con seguridad al título y referencia exactos.",""
"15941","BISAGRA MAXI SEMIPARCHE CIERRE LENTO INOX (PAR)","MAXI44-CS-ING","Sin marca","7","numero de pares","Herrajes para Muebles","Normal","Sin coincidencia exacta utilizable","Sin coincidencia exacta localizada","Solicitar al proveedor un original autorizado de esta referencia exacta y su etiqueta/ficha, donde consten fabricante y modelo completo, dimensiones, acabado, montaje, tipo de cierre y piezas incluidas por par.","En las fuentes revisadas no se localizó un original individual que pudiera atribuirse con seguridad al título y referencia exactos.",""
"16000","BISAGRA PARCHE CLASSIC (PAR)","PARC E","Sin marca","70","unidad","Herrajes para Muebles","Normal","Fuente o acceso restringido","Fuente o acceso restringido","Solicitar al proveedor el original autorizado y su ficha/etiqueta por un canal permitido. Deben confirmar fabricante y modelo completo, dimensiones, acabado, montaje, tipo de cierre y piezas incluidas por par.","Se identificó una fuente candidata, pero una restricción de acceso impidió obtener o revisar el original exacto. No se eludió esa restricción.",""
"1692","OFICINA NIVELADOR CLASSIC 3/8X1-1/2 GRIS","40-025-31","Sin marca","331","unidad","Herrajes para Muebles","Normal","Sin coincidencia exacta utilizable","Sin coincidencia exacta localizada","Solicitar al proveedor un original autorizado de esta referencia exacta y su etiqueta/ficha, donde consten fabricante y modelo completo, dimensiones, acabado y presentación vendida.","En las fuentes revisadas no se localizó un original individual que pudiera atribuirse con seguridad al título y referencia exactos.",""
"1949","BISAGRA PIVOTE 25MM (PAR)","T1110-0002","Sin marca","56","numero de pares","Herrajes para Muebles","Normal","Imagen retenida por derechos o marca de agua","Imagen retenida por derechos o marca de agua","Aportar foto propia o un original con permiso escrito del titular para publicar esta variante. Verificar fabricante y modelo completo, dimensiones, acabado, montaje, tipo de cierre y piezas incluidas por par.","El original revisado contiene una marca de agua, logotipo sobreimpreso o marca cuya autorización no se acreditó. No se eliminó la marca.",""
"1960","DUCASSE SIST. DN 80SR","10100217451","Sin marca","82","conjunto","Herrajes para Muebles","Normal","Fuente o acceso restringido","Fuente o acceso restringido","Solicitar al proveedor el original autorizado y su ficha/etiqueta por un canal permitido. Deben confirmar fabricante y modelo completo, dimensiones, acabado y presentación vendida.","Se identificó una fuente candidata, pero una restricción de acceso impidió obtener o revisar el original exacto. No se eludió esa restricción.",""
"1969","DUCASSE SIST. MUEBLE AL-1535 MADERA","10100800100","Sin marca","14","unidad","Herrajes para Muebles","Normal","Fuente o acceso restringido","Fuente o acceso restringido","Solicitar al proveedor el original autorizado y su ficha/etiqueta por un canal permitido. Deben confirmar fabricante y modelo completo, dimensiones, acabado y presentación vendida.","Se identificó una fuente candidata, pero una restricción de acceso impidió obtener o revisar el original exacto. No se eludió esa restricción.",""
"1970","DUCASSE SIST. SIMPLE DUCLOSET","10100201201","Sin marca","13","unidad","Herrajes para Muebles","Normal","Fuente o acceso restringido","Fuente o acceso restringido","Solicitar al proveedor el original autorizado y su ficha/etiqueta por un canal permitido. Deben confirmar fabricante y modelo completo, dimensiones, acabado y presentación vendida.","Se identificó una fuente candidata, pero una restricción de acceso impidió obtener o revisar el original exacto. No se eludió esa restricción.",""
"4270","MANIJA ACERO BRC 2880-20CM","2880-20cm","Sin marca","15","Consultar unidad","Herrajes para Muebles","Normal","Fuente o acceso restringido","Fuente o acceso restringido","Solicitar al proveedor el original autorizado y su ficha/etiqueta por un canal permitido. Deben confirmar fabricante y modelo completo, acabado, dimensiones y distancia entre centros. Indicar también la cantidad/unidad vendida.","Se identificó una fuente candidata, pero una restricción de acceso impidió obtener o revisar el original exacto. No se eludió esa restricción.",""
"4286","TOPE CAZUELA CROMADO NACIONAL REFQDS001","TCR286 - QDS001","Sin marca","28","unidad","Herrajes para Muebles","Normal","Conflicto de especificación o variante","Fotografía o variante visual no verificada","Aportar original autorizado sin sobreimpresiones de Qualita QDS001 cromado; confirmar el acabado con etiqueta del inventario.","La imagen candidata parece cepillada y contiene marca sobreimpresa. No acredita por sí sola el acabado cromado.",""
"4481","CAZUELA QUALITA ALUMINIO 160 NEGRA REF QAN308-160 BLK","QAN308-160 BLK","QUALITA","29","Consultar unidad","Herrajes para Muebles","Normal","Sin coincidencia exacta utilizable","Fotografía o variante visual no verificada","Aportar foto individual autorizada del artículo real y de su etiqueta, que permita verificar fabricante y modelo completo, acabado, dimensiones y distancia entre centros. Indicar también la cantidad/unidad vendida.","La imagen encontrada es compartida o agrupa variantes; no acredita por sí sola las medidas, acabado o configuración exactos de este SKU.",""
"4854","CAZUELA QUALITA ALUMINIO 128 REFQAN308-128","QAN308-128","QUALITA","16","unidad","Herrajes para Muebles","Normal","Sin coincidencia exacta utilizable","Fotografía o variante visual no verificada","Aportar foto individual autorizada del artículo real y de su etiqueta, que permita verificar fabricante y modelo completo, acabado, dimensiones y distancia entre centros.","La imagen encontrada es compartida o agrupa variantes; no acredita por sí sola las medidas, acabado o configuración exactos de este SKU.",""
"4890","MANIJA SPAR904 ""STEEL LIGHT"" 316-256","SPAR904","Sin marca","7","Consultar unidad","Herrajes para Muebles","Normal","Sin coincidencia exacta utilizable","Sin coincidencia exacta localizada","Solicitar al proveedor un original autorizado de esta referencia exacta y su etiqueta/ficha, donde consten fabricante y modelo completo, acabado, dimensiones y distancia entre centros. Indicar también la cantidad/unidad vendida.","Las fuentes/fotografías consultadas no verifican la mano y configuración exactas; no se espejó una pieza para representar otra variante.",""
"4947","OFICINA NIVELADOR ANTIDESL.5/16X1 NEGRO","40-028-01","Sin marca","586","unidad","Herrajes para Muebles","Normal","Sin coincidencia exacta utilizable","Sin coincidencia exacta localizada","Solicitar al proveedor un original autorizado de esta referencia exacta y su etiqueta/ficha, donde consten fabricante y modelo completo, dimensiones, acabado y presentación vendida.","En las fuentes revisadas no se localizó un original individual que pudiera atribuirse con seguridad al título y referencia exactos.",""
"4950","OFICINA NIVELADOR CLASSIC 3/8X1-1/2 NEG","40-025-01","Sin marca","294","unidad","Herrajes para Muebles","Normal","Sin coincidencia exacta utilizable","Sin coincidencia exacta localizada","Solicitar al proveedor un original autorizado de esta referencia exacta y su etiqueta/ficha, donde consten fabricante y modelo completo, dimensiones, acabado y presentación vendida.","En las fuentes revisadas no se localizó un original individual que pudiera atribuirse con seguridad al título y referencia exactos.",""
"5311","MANIJA QUALITA ACERO NEGRA 160 MQS7092-160BLK","MQS7092-160BLK","QUALITA","47","unidad","Herrajes para Muebles","Normal","Sin coincidencia exacta utilizable","Fotografía o variante visual no verificada","Aportar foto individual autorizada del artículo real y de su etiqueta, que permita verificar fabricante y modelo completo, acabado, dimensiones y distancia entre centros.","La imagen encontrada es compartida o agrupa variantes; no acredita por sí sola las medidas, acabado o configuración exactos de este SKU.",""
"6384","TOPE CAZUELA MEDIA LUNA CROMADO","IMTP0884    T 1/2 BO","Sin marca","111","unidad","Herrajes para Muebles","Normal","Sin coincidencia exacta utilizable","Sin coincidencia exacta localizada","Solicitar al proveedor un original autorizado de esta referencia exacta y su etiqueta/ficha, donde consten fabricante y modelo completo, acabado, dimensiones y distancia entre centros.","En las fuentes revisadas no se localizó un original individual que pudiera atribuirse con seguridad al título y referencia exactos.",""
"7203","COCINA PLATERO FEH 80CM","SJ304B 3105","Sin marca","2","unidad","Herrajes para Muebles","Normal","Sin coincidencia exacta utilizable","Fotografía o variante visual no verificada","Aportar foto individual autorizada del artículo real y de su etiqueta, que permita verificar fabricante y modelo completo, medidas de cada eje, color/acabado, mano, cierre y piezas incluidas.","La imagen encontrada es compartida o agrupa variantes; no acredita por sí sola las medidas, acabado o configuración exactos de este SKU.",""
"8057","BRAZO NEUMATICO 60N MINI CLAS","BRAZO","Sin marca","72","unidad","Herrajes para Muebles","Normal","Fuente o acceso restringido","Fuente o acceso restringido","Solicitar al proveedor el original autorizado y su ficha/etiqueta por un canal permitido. Deben confirmar fabricante y modelo completo, fuerza/carga, recorrido, dimensiones y contenido del conjunto.","Se identificó una fuente candidata, pero una restricción de acceso impidió obtener o revisar el original exacto. No se eludió esa restricción.",""
"8443","MANIJA 1631 BRONCECOL 25 CM","1631BR","Sin marca","1","unidad","Herrajes para Muebles","Normal","Sin coincidencia exacta utilizable","Sin coincidencia exacta localizada","Solicitar al proveedor un original autorizado de esta referencia exacta y su etiqueta/ficha, donde consten fabricante y modelo completo, acabado, dimensiones y distancia entre centros.","En las fuentes revisadas no se localizó un original individual que pudiera atribuirse con seguridad al título y referencia exactos.",""
"8462","CAZUELA MEDIA LUNA 201 CUADRADA 1/2","C 1/2LU","Sin marca","3","unidad","Herrajes para Muebles","Normal","Sin coincidencia exacta utilizable","Fotografía o variante visual no verificada","Aportar foto individual autorizada del artículo real y de su etiqueta, que permita verificar fabricante y modelo completo, acabado, dimensiones y distancia entre centros.","La fotografía candidata no permite verificar la variante exacta del título y referencia. Su rechazo no demuestra un error del catálogo.",""
"8501","COCINA PLATERO CLASS 60CM","P-600","Sin marca","4","unidad","Herrajes para Muebles","Normal","Fuente o acceso restringido","Fuente o acceso restringido","Solicitar al proveedor el original autorizado y su ficha/etiqueta por un canal permitido. Deben confirmar fabricante y modelo completo, medidas de cada eje, color/acabado, mano, cierre y piezas incluidas.","Se identificó una fuente candidata, pero una restricción de acceso impidió obtener o revisar el original exacto. No se eludió esa restricción.",""
"8570","COCINA CARRO LATERAL 14CM 2NIV","YN003 / 4488","Sin marca","1","Consultar unidad","Herrajes para Muebles","Normal","Fuente o acceso restringido","Fuente o acceso restringido","Solicitar al proveedor el original autorizado y su ficha/etiqueta por un canal permitido. Deben confirmar fabricante y modelo completo, medidas de cada eje, color/acabado, mano, cierre y piezas incluidas. Indicar también la cantidad/unidad vendida.","Se identificó una fuente candidata, pero una restricción de acceso impidió obtener o revisar el original exacto. No se eludió esa restricción.",""
"8581","COCINA PLATERO CLASS 70CM","P-700","Sin marca","2","unidad","Herrajes para Muebles","Normal","Fuente o acceso restringido","Fuente o acceso restringido","Solicitar al proveedor el original autorizado y su ficha/etiqueta por un canal permitido. Deben confirmar fabricante y modelo completo, medidas de cada eje, color/acabado, mano, cierre y piezas incluidas.","Se identificó una fuente candidata, pero una restricción de acceso impidió obtener o revisar el original exacto. No se eludió esa restricción.",""
"8892","BISAGRA SEMI PARCHE FEH (PAR)","4363","Sin marca","4","numero de pares","Herrajes para Muebles","Normal","Sin coincidencia exacta utilizable","Fotografía o variante visual no verificada","Aportar foto individual autorizada del artículo real y de su etiqueta, que permita verificar fabricante y modelo completo, dimensiones, acabado, montaje, tipo de cierre y piezas incluidas por par.","La imagen encontrada es compartida o agrupa variantes; no acredita por sí sola las medidas, acabado o configuración exactos de este SKU.",""
"8942","COCINA PLATERO FIJO 80CM","DSP800","Sin marca","1","unidad","Herrajes para Muebles","Normal","Sin coincidencia exacta utilizable","Fotografía o variante visual no verificada","Aportar foto individual autorizada del artículo real y de su etiqueta, que permita verificar fabricante y modelo completo, medidas de cada eje, color/acabado, mano, cierre y piezas incluidas.","La imagen encontrada es compartida o agrupa variantes; no acredita por sí sola las medidas, acabado o configuración exactos de este SKU.",""
"8983","BRAZO NEUMATICO (t) 80 GRASS","RE-04L","Sin marca","1","unidad","Herrajes para Muebles","Normal","Sin coincidencia exacta utilizable","Fotografía o variante visual no verificada","Aportar foto individual autorizada del artículo real y de su etiqueta, que permita verificar fabricante y modelo completo, fuerza/carga, recorrido, dimensiones y contenido del conjunto.","La imagen encontrada es compartida o agrupa variantes; no acredita por sí sola las medidas, acabado o configuración exactos de este SKU.",""
"9215","CAZUELA QUALITA ALUMINIO 96 QAN308-96","QAN308-96","QUALITA","5","unidad","Herrajes para Muebles","Normal","Sin coincidencia exacta utilizable","Fotografía o variante visual no verificada","Aportar foto individual autorizada del artículo real y de su etiqueta, que permita verificar fabricante y modelo completo, acabado, dimensiones y distancia entre centros.","La imagen encontrada es compartida o agrupa variantes; no acredita por sí sola las medidas, acabado o configuración exactos de este SKU.",""
"9229","MANIJA PM 0191/96B","PM-0191-96","Sin marca","6","unidad","Herrajes para Muebles","Normal","Sin coincidencia exacta utilizable","Sin coincidencia exacta localizada","Solicitar al proveedor un original autorizado de esta referencia exacta y su etiqueta/ficha, donde consten fabricante y modelo completo, acabado, dimensiones y distancia entre centros.","En las fuentes revisadas no se localizó un original individual que pudiera atribuirse con seguridad al título y referencia exactos.",""
"9414","CAZUELA QUALITA RECTANGULA NEGRA 96 REFQAN308-96 BLK","QAN308-96 BLK","QUALITA","86","Consultar unidad","Herrajes para Muebles","Normal","Sin coincidencia exacta utilizable","Fotografía o variante visual no verificada","Aportar foto individual autorizada del artículo real y de su etiqueta, que permita verificar fabricante y modelo completo, acabado, dimensiones y distancia entre centros. Indicar también la cantidad/unidad vendida.","La imagen encontrada es compartida o agrupa variantes; no acredita por sí sola las medidas, acabado o configuración exactos de este SKU.",""
"9627","DILATADOR ACERO CLAS 1""X3CM","GA02H25","Sin marca","1","unidad","Herrajes para Muebles","Normal","Fuente o acceso restringido","Fuente o acceso restringido","Solicitar al proveedor el original autorizado y su ficha/etiqueta por un canal permitido. Deben confirmar fabricante y modelo completo, medidas, acabado, geometría y piezas incluidas.","Se identificó una fuente candidata, pero una restricción de acceso impidió obtener o revisar el original exacto. No se eludió esa restricción.",""
"9823","MANIJA PM 0171 96MM","PM-171-96","Sin marca","2","Consultar unidad","Herrajes para Muebles","Normal","Sin coincidencia exacta utilizable","Sin coincidencia exacta localizada","Solicitar al proveedor un original autorizado de esta referencia exacta y su etiqueta/ficha, donde consten fabricante y modelo completo, acabado, dimensiones y distancia entre centros. Indicar también la cantidad/unidad vendida.","Las fuentes/fotografías consultadas no verifican la mano y configuración exactas; no se espejó una pieza para representar otra variante.",""
"9886","COCINA PLATERO FIJO 100CM","GE-025","Sin marca","4","Consultar unidad","Herrajes para Muebles","Normal","Sin coincidencia exacta utilizable","Fotografía o variante visual no verificada","Aportar foto individual autorizada del artículo real y de su etiqueta, que permita verificar fabricante y modelo completo, medidas de cada eje, color/acabado, mano, cierre y piezas incluidas. Indicar también la cantidad/unidad vendida.","La imagen encontrada es compartida o agrupa variantes; no acredita por sí sola las medidas, acabado o configuración exactos de este SKU.",""
"9919","BRAZO NEUMATICO (t) 100 GRASS","REL-04BE100N","Sin marca","17","Consultar unidad","Herrajes para Muebles","Normal","Sin coincidencia exacta utilizable","Fotografía o variante visual no verificada","Aportar foto individual autorizada del artículo real y de su etiqueta, que permita verificar fabricante y modelo completo, fuerza/carga, recorrido, dimensiones y contenido del conjunto. Indicar también la cantidad/unidad vendida.","La imagen encontrada es compartida o agrupa variantes; no acredita por sí sola las medidas, acabado o configuración exactos de este SKU.",""
"0102","LIJA DE BANDA 3X21X60 NORTON","0214410 - 63642577","Sin marca","2","unidad","Herramientas","Normal","Sin coincidencia exacta utilizable","Sin coincidencia exacta localizada","Aportar el código Norton completo y serie de la banda 3 × 21, grano 60, y un original autorizado con etiqueta y soporte identificables.","Se localizó la medida y grano, pero la referencia abreviada 63642577 no determina la serie ni el soporte abrasivo exactos.",""
"0189","TELA ESMERIL PARA MOLDURA R243 FLEX A-150","T4X150  0219120","Sin marca","23.8","metro","Herramientas","Normal","Sin coincidencia exacta utilizable","Sin coincidencia exacta localizada","Solicitar al proveedor un original autorizado de esta referencia exacta y su etiqueta/ficha, donde consten fabricante y serie, medidas, grano, material/soporte y presentación vendida.","En las fuentes revisadas no se localizó un original individual que pudiera atribuirse con seguridad al título y referencia exactos.",""
"10427","SENCO GRAPADORA SFW05","3A0022N","Sin marca","2","unidad","Herramientas","Normal","Sin coincidencia exacta utilizable","Fotografía o variante visual no verificada","Aportar original autorizado del modelo latinoamericano SFW05AT, código 3A0022N, con etiqueta visible; confirmar generación del inventario.","La foto del fabricante encontrada bajo SFW05AT muestra una etiqueta SFW05-C. Otras imágenes corresponden a generaciones distintas.",""
"10861","FRESA JACK COPIAR 1/4""X1/2""","F-E0104","Sin marca","6","unidad","Herramientas","Normal","Sin coincidencia exacta utilizable","Sin coincidencia exacta localizada","Solicitar al proveedor un original autorizado de esta referencia exacta y su etiqueta/ficha, donde consten fabricante y modelo completo, diámetro, longitud, espigo, material y geometría de corte.","En las fuentes revisadas no se localizó un original individual que pudiera atribuirse con seguridad al título y referencia exactos.",""
"128","LIJA PABSA PULIMETA 12"" GRANULO 100","12X100M","Sin marca","9.55","Consultar unidad","Herramientas","Normal","Sin coincidencia exacta utilizable","Sin coincidencia exacta localizada","Solicitar al proveedor un original autorizado de esta referencia exacta y su etiqueta/ficha, donde consten fabricante y serie, medidas, grano, material/soporte y presentación vendida.","En las fuentes revisadas no se localizó un original individual que pudiera atribuirse con seguridad al título y referencia exactos.",""
"131","LIJA PABSA PULIMETA 12"" GRANULO 60","12X60M","Sin marca","12.5","Consultar unidad","Herramientas","Normal","Sin coincidencia exacta utilizable","Sin coincidencia exacta localizada","Solicitar al proveedor un original autorizado de esta referencia exacta y su etiqueta/ficha, donde consten fabricante y serie, medidas, grano, material/soporte y presentación vendida.","En las fuentes revisadas no se localizó un original individual que pudiera atribuirse con seguridad al título y referencia exactos.",""
"13719","DISCO DIAMANTADO 4"" TRUPE SEGMENTADO","11581","Sin marca","2","Consultar unidad","Herramientas","Normal","Imagen retenida por derechos o marca de agua","Imagen retenida por derechos o marca de agua","Aportar foto propia o un original con permiso escrito del titular para publicar esta variante. Verificar fabricante y modelo completo, diámetro/medidas, centro o acople, dientes/grano y uso. Indicar también la cantidad/unidad vendida.","La fuente consultada limita el uso o reproducción del material. No se acreditó un original independiente con permiso compatible.",""
"13769","DISCO SIERRA CIRCULAR CAT MADERA 7-1/4 40 DIENTES (18V)","DA08102","Sin marca","2","unidad","Herramientas","Normal","Sin coincidencia exacta utilizable","Sin coincidencia exacta localizada","Solicitar al proveedor un original autorizado de esta referencia exacta y su etiqueta/ficha, donde consten fabricante y modelo completo, diámetro/medidas, centro o acople, dientes/grano y uso.","En las fuentes revisadas no se localizó un original individual que pudiera atribuirse con seguridad al título y referencia exactos.",""
"15963","FRESA CORTE RECTO JACK 1/2""X1/2""X2"" SR","F-D0308","Sin marca","4","unidad","Herramientas","Normal","Sin coincidencia exacta utilizable","Sin coincidencia exacta localizada","Solicitar al proveedor un original autorizado de esta referencia exacta y su etiqueta/ficha, donde consten fabricante y modelo completo, diámetro, longitud, espigo, material y geometría de corte.","En las fuentes revisadas no se localizó un original individual que pudiera atribuirse con seguridad al título y referencia exactos.",""
"2139","JUEGO SIERRA COPA 5 PIEZAS","100815","Sin marca","1","conjunto","Herramientas","Normal","Imagen retenida por derechos o marca de agua","Imagen retenida por derechos o marca de agua","Aportar foto propia o un original con permiso escrito del titular para publicar esta variante. Verificar fabricante y modelo completo, medidas, acople, dientes y componentes/cantidad vendidos.","La fuente consultada limita el uso o reproducción del material. No se acreditó un original independiente con permiso compatible.",""
"2313","BISTURI NORTEO METALICO GRANDE","B18MM3","Sin marca","2","unidad","Herramientas","Normal","Sin coincidencia exacta utilizable","Sin coincidencia exacta localizada","Solicitar al proveedor un original autorizado de esta referencia exacta y su etiqueta/ficha, donde consten fabricante y modelo completo, dimensiones, acabado y presentación vendida.","Las fuentes/fotografías consultadas no verifican la mano y configuración exactas; no se espejó una pieza para representar otra variante.",""
"2430","CUCHILLO DE ZAPATERIA 1","28-010","Sin marca","1","unidad","Herramientas","Normal","Sin coincidencia exacta utilizable","Fotografía o variante visual no verificada","Aportar foto individual autorizada del artículo real y de su etiqueta, que permita verificar fabricante y modelo completo, dimensiones, acabado y presentación vendida.","La fotografía candidata no permite verificar la variante exacta del título y referencia. Su rechazo no demuestra un error del catálogo.",""
"2893","MANIJA QUALITA ACERO NEGRA 128","MQS7092-128BLK","QUALITA","23","unidad","Herramientas","Normal","Sin coincidencia exacta utilizable","Fotografía o variante visual no verificada","Aportar foto individual autorizada del artículo real y de su etiqueta, que permita verificar fabricante y modelo completo, acabado, dimensiones y distancia entre centros.","La imagen encontrada es compartida o agrupa variantes; no acredita por sí sola las medidas, acabado o configuración exactos de este SKU.",""
"2897","TOPE PISO MAGENITICO QUALA","QDSMAGN","Sin marca","59","unidad","Herramientas","Normal","Sin coincidencia exacta utilizable","Sin coincidencia exacta localizada","Solicitar al proveedor un original autorizado de esta referencia exacta y su etiqueta/ficha, donde consten fabricante y modelo completo, medidas, acabado, geometría y piezas incluidas.","En las fuentes revisadas no se localizó un original individual que pudiera atribuirse con seguridad al título y referencia exactos.",""
"3021","LIJA PABSA PULIMETA 12"" GRANULO 36","12X36M","Sin marca","1.46","Consultar unidad","Herramientas","Normal","Sin coincidencia exacta utilizable","Sin coincidencia exacta localizada","Solicitar al proveedor un original autorizado de esta referencia exacta y su etiqueta/ficha, donde consten fabricante y serie, medidas, grano, material/soporte y presentación vendida.","En las fuentes revisadas no se localizó un original individual que pudiera atribuirse con seguridad al título y referencia exactos.",""
"4026","FRESA WELLDONE CORTE 1/2 ESP 1/2X2""LARGO EJE 1/2","12872","Sin marca","3","unidad","Herramientas","Normal","Sin coincidencia exacta utilizable","Sin coincidencia exacta localizada","Solicitar al proveedor un original autorizado de esta referencia exacta y su etiqueta/ficha, donde consten fabricante y modelo completo, diámetro, longitud, espigo, material y geometría de corte.","La imagen encontrada es compartida o agrupa variantes; no acredita por sí sola las medidas, acabado o configuración exactos de este SKU.",""
"4615","BROCA DW HSS 3/16","DW130316B","Sin marca","19","unidad","Herramientas","Normal","Fuente o acceso restringido","Fuente o acceso restringido","Solicitar al proveedor el original autorizado y su ficha/etiqueta por un canal permitido. Deben confirmar fabricante y modelo completo, diámetro, longitud, espigo, material y geometría de corte.","Se identificó una fuente candidata, pero una restricción de acceso impidió obtener o revisar el original exacto. No se eludió esa restricción.",""
"5885","AVELLANADOR WELLDONE TUNGSTENO 3MM","12219","Sin marca","4","unidad","Herramientas","Normal","Sin coincidencia exacta utilizable","Sin coincidencia exacta localizada","Solicitar al proveedor un original autorizado de esta referencia exacta y su etiqueta/ficha, donde consten fabricante y modelo completo, diámetro, longitud, espigo, material y geometría de corte.","En las fuentes revisadas no se localizó un original individual que pudiera atribuirse con seguridad al título y referencia exactos.",""
"5926","CAT PULIDORA 5/8"" 750W","DX37U.1","Sin marca","2","unidad","Herramientas","Normal","Imagen retenida por derechos o marca de agua","Imagen retenida por derechos o marca de agua","Aportar foto propia o un original con permiso escrito del titular para publicar esta variante. Verificar fabricante y modelo completo con sufijo regional, potencia/voltaje, capacidad y accesorios incluidos.","El original revisado contiene una marca de agua, logotipo sobreimpreso o marca cuya autorización no se acreditó. No se eliminó la marca.",""
"6878","TELA ESMERIL PARA MOLDURA 6X60","RT243 A-60","Sin marca","1","metro","Herramientas","Normal","Sin coincidencia exacta utilizable","Sin coincidencia exacta localizada","Solicitar al proveedor un original autorizado de esta referencia exacta y su etiqueta/ficha, donde consten fabricante y serie, medidas, grano, material/soporte y presentación vendida.","En las fuentes revisadas no se localizó un original individual que pudiera atribuirse con seguridad al título y referencia exactos.",""
"7787","DISCO SIERRA CIRCULAR CAT MADERA-ALUMINIO-METAL 7-1/ 40 DIENTES","DA08202","Sin marca","2","unidad","Herramientas","Normal","Sin coincidencia exacta utilizable","Sin coincidencia exacta localizada","Solicitar al proveedor un original autorizado de esta referencia exacta y su etiqueta/ficha, donde consten fabricante y modelo completo, diámetro/medidas, centro o acople, dientes/grano y uso.","En las fuentes revisadas no se localizó un original individual que pudiera atribuirse con seguridad al título y referencia exactos.",""
"7789","BROCA CON REDUCCION 1/2X3/4","880401111132","Sin marca","1","Consultar unidad","Herramientas","Normal","Sin coincidencia exacta utilizable","Fotografía o variante visual no verificada","Aportar foto individual autorizada del artículo real y de su etiqueta, que permita verificar fabricante y modelo completo, diámetro, longitud, espigo, material y geometría de corte. Indicar también la cantidad/unidad vendida.","La imagen encontrada es compartida o agrupa variantes; no acredita por sí sola las medidas, acabado o configuración exactos de este SKU.",""
"8202","HOJAS SIERRA CALAD MAD T 6 TRUPER","18127","TRUPER","1","conjunto","Herramientas","Normal","Conflicto de especificación o variante","Imagen retenida por derechos o marca de agua","Confirmar dientes por pulgada de 18127/ST-111-C frente a T6 del título. Aportar foto propia o autorización escrita de uso del original.","La fuente identifica 8 DPP y el catálogo dice T6; además, la ficha Truper consultada limita reproducción y uso sin autorización escrita.",""
"8548","HOJAS SIERRA CALADORA MADERA T 1 TRUPER","18124","TRUPER","5","conjunto","Herramientas","Normal","Imagen retenida por derechos o marca de agua","Imagen retenida por derechos o marca de agua","Aportar foto propia o un original con permiso escrito del titular para publicar esta variante. Verificar fabricante y modelo completo, medidas, acople, dientes y componentes/cantidad vendidos.","La fuente consultada limita el uso o reproducción del material. No se acreditó un original independiente con permiso compatible.",""
"12220","PROTECTOR DE ENCIAS 3 MTS","RT066000100","Sin marca","13","unidad","Seguridad Industrial","Normal","Sin coincidencia exacta utilizable","Sin coincidencia exacta localizada","Solicitar al proveedor un original autorizado de esta referencia exacta y su etiqueta/ficha, donde consten fabricante y modelo completo, dimensiones, acabado y presentación vendida.","En las fuentes revisadas no se localizó un original individual que pudiera atribuirse con seguridad al título y referencia exactos.",""
"15936","LENTES DE SEGURIDAD AJUSTABLE LEN-2000","14284","Sin marca","4","unidad","Seguridad Industrial","Normal","Imagen retenida por derechos o marca de agua","Imagen retenida por derechos o marca de agua","Aportar foto propia o un original con permiso escrito del titular para publicar esta variante. Verificar fabricante y modelo completo, talla, material, color y componentes incluidos.","La fuente consultada limita el uso o reproducción del material. No se acreditó un original independiente con permiso compatible.",""
"0476","CADENA PLATEADA PIA 616-4","616-4","Sin marca","248.5","metro","Tornillería y Fijación","Normal","Sin coincidencia exacta utilizable","Fotografía o variante visual no verificada","Aportar foto individual autorizada del artículo real y de su etiqueta, que permita verificar fabricante y modelo completo, dimensiones, acabado y presentación vendida.","La imagen encontrada es compartida o agrupa variantes; no acredita por sí sola las medidas, acabado o configuración exactos de este SKU.",""
"0478","CADENA MARQUETERIA PLATEADA 620-4","620-4","Sin marca","17.8","metro","Tornillería y Fijación","Normal","Sin coincidencia exacta utilizable","Fotografía o variante visual no verificada","Aportar foto individual autorizada del artículo real y de su etiqueta, que permita verificar fabricante y modelo completo, dimensiones, acabado y presentación vendida.","La imagen encontrada es compartida o agrupa variantes; no acredita por sí sola las medidas, acabado o configuración exactos de este SKU.",""
"0517","TARUGO MADERA 1/4 6X30","HVA356-01","Sin marca","100","unidad","Tornillería y Fijación","Normal","Sin coincidencia exacta utilizable","Sin coincidencia exacta localizada","Solicitar al proveedor un original autorizado de esta referencia exacta y su etiqueta/ficha, donde consten fabricante o proveedor, medidas, material/acabado, geometría y cantidad de piezas vendida.","En las fuentes revisadas no se localizó un original individual que pudiera atribuirse con seguridad al título y referencia exactos.",""
"11998","TARUGO MADERA 3/8 10X30","HVA356-05","Sin marca","1156","unidad","Tornillería y Fijación","Normal","Sin coincidencia exacta utilizable","Sin coincidencia exacta localizada","Solicitar al proveedor un original autorizado de esta referencia exacta y su etiqueta/ficha, donde consten fabricante o proveedor, medidas, material/acabado, geometría y cantidad de piezas vendida.","En las fuentes revisadas no se localizó un original individual que pudiera atribuirse con seguridad al título y referencia exactos.",""
"12074","SOPORTE LATERAL NEGRO","A013 NEGRO","Sin marca","44","unidad","Tornillería y Fijación","Normal","Sin coincidencia exacta utilizable","Sin coincidencia exacta localizada","Solicitar al proveedor un original autorizado de esta referencia exacta y su etiqueta/ficha, donde consten fabricante y modelo completo, medidas, acabado, geometría y piezas incluidas.","En las fuentes revisadas no se localizó un original individual que pudiera atribuirse con seguridad al título y referencia exactos.",""
"12165","SOPORTE SOBREPONER (UND)","A03","Sin marca","8","unidad","Tornillería y Fijación","Normal","Sin coincidencia exacta utilizable","Sin coincidencia exacta localizada","Solicitar al proveedor un original autorizado de esta referencia exacta y su etiqueta/ficha, donde consten fabricante y modelo completo, medidas, acabado, geometría y piezas incluidas.","En las fuentes revisadas no se localizó un original individual que pudiera atribuirse con seguridad al título y referencia exactos.",""
"12498","SOPORTE LATERAL NEGRO (PAR)","ST-G4  A013 NEGRO","Sin marca","0.5","numero de pares","Tornillería y Fijación","Normal","Sin coincidencia exacta utilizable","Sin coincidencia exacta localizada","Solicitar al proveedor un original autorizado de esta referencia exacta y su etiqueta/ficha, donde consten fabricante y modelo completo, medidas, acabado, geometría y piezas incluidas.","En las fuentes revisadas no se localizó un original individual que pudiera atribuirse con seguridad al título y referencia exactos.",""
"15896","SOPORTE LATERAL BLANCO","A013","Sin marca","6","unidad","Tornillería y Fijación","Normal","Sin coincidencia exacta utilizable","Sin coincidencia exacta localizada","Solicitar al proveedor un original autorizado de esta referencia exacta y su etiqueta/ficha, donde consten fabricante y modelo completo, medidas, acabado, geometría y piezas incluidas.","En las fuentes revisadas no se localizó un original individual que pudiera atribuirse con seguridad al título y referencia exactos.",""
"2584","DESLIZADOR ROLLER TORNILLO 3/8X1.1/2"" JUEGO","132T11AX1.1/2","Sin marca","1.25","conjunto","Tornillería y Fijación","Normal","Sin coincidencia exacta utilizable","Sin coincidencia exacta localizada","Solicitar al proveedor un original autorizado de esta referencia exacta y su etiqueta/ficha, donde consten fabricante o proveedor, medidas, material/acabado, geometría y cantidad de piezas vendida.","En las fuentes revisadas no se localizó un original individual que pudiera atribuirse con seguridad al título y referencia exactos.",""
"6166","DESLIZADOR ROLLER TORNILLO 1/2X2-1/4"" (JUEGO)","134T8TCX2.1/4","Sin marca","26","conjunto","Tornillería y Fijación","Normal","Sin coincidencia exacta utilizable","Sin coincidencia exacta localizada","Solicitar al proveedor un original autorizado de esta referencia exacta y su etiqueta/ficha, donde consten fabricante o proveedor, medidas, material/acabado, geometría y cantidad de piezas vendida.","En las fuentes revisadas no se localizó un original individual que pudiera atribuirse con seguridad al título y referencia exactos.",""
"15723","CERRADURA YALE EMBUTIR E28 NEGRA LL-M","7152","YALE","0","unidad","Cerrajería","Alta","Conflicto de especificación o variante","Especificación en conflicto por confirmar","Confirmar modelo Yale E28 o A28 y referencia 7152, función y acabado negro mediante etiqueta/ficha del inventario.","La fuente de la referencia 7152 identifica la serie A28; el título local dice E28.",""
"15905","CERRADURA YALE EMBUTIR E25I MM MANIJA","4061","YALE","0","unidad","Cerrajería","Alta","Conflicto de especificación o variante","Especificación en conflicto por confirmar","Confirmar función Yale E25I/4061: doble llave o manija MM, y aportar foto de ambas caras y etiqueta.","Las fuentes identifican E25I/4061 como función I/doble llave; el título local incluye MM/manija.",""
"15947","COMBO ANTIPANICO YALE DOBLE ORLANDO ROJO BARRA 1 PUNTO+BARRA 2 PUNTOS+2 CIERRA PUERTA 150KG+MANIJA","34930","YALE","0","combo","Cerrajería","Alta","Conflicto de especificación o variante","Especificación en conflicto por confirmar","Confirmar con proveedor la variante roja 34930 y composición completa del combo; aportar original donde todas las piezas y barras sean de esa variante.","Las fuentes Yale discrepan entre A/amarillo y R/rojo para 34930; la imagen encontrada mezcla colores y no acredita el combo rojo completo.",""
"12578","PUNTILLADORA CLAVILLA NEUMATICA TOTAL 15 A 50 MM CAL 80","TAT83501","TOTAL","0","unidad","Ferretería General","Alta","Conflicto de especificación o variante","Especificación en conflicto por confirmar","Confirmar calibre de clavilla y modelo TAT83501 con foto de la placa/caja; aportar original del equipo exacto.","La fuente del modelo TAT83501 indica calibre 18 y 15–50 mm; el título local dice CAL 80.",""
"15264","CUBIERTERO ANTRACITA MODULO 500MM","QTM-500N","Sin marca","0","unidad","Ferretería General","Alta","Conflicto de especificación o variante","Especificación en conflicto por confirmar","Confirmar si la referencia del cubiertero es QTM-500N o QMT-500N, marca y módulo de 500 mm; aportar etiqueta.","La referencia Qualita consultada es QMT-500N, mientras el catálogo usa QTM-500N. No se corrigió la transposición por suposición.",""
"10066","BISAGRA SEMI PARCHE DUCASSE GAS C/CLIP (PAR)","3010111014","Sin marca","0","numero de pares","Herrajes para Muebles","Alta","Conflicto de especificación o variante","Especificación en conflicto por confirmar","Confirmar en el inventario si el montaje es clip-on o slide-on y aportar foto de la base y etiqueta 3010111014.","El título indica C/CLIP; la ficha Ducasse 3010111014 describe montaje slide-on. La diferencia requiere confirmación del inventario.",""
"10989","PATA QUALITA NIQUEL 50X10CM","YZ213-100","QUALITA","0","Consultar unidad","Herrajes para Muebles","Alta","Conflicto de especificación o variante","Especificación en conflicto por confirmar","Confirmar altura, ancho y unidad de medida, además del acabado níquel o cromo, con etiqueta/ficha y foto del inventario YZ213. Indicar también la cantidad/unidad vendida.","La ficha del proveedor describe 60 mm de ancho, alturas de 5/10 cm y cromo brillante; el catálogo usa dimensiones 50X y acabado níquel. No se asumió equivalencia.",""
"11306","CORREDERA EXT. DUCASSE PUSH 45CM 18"" 50KG","PUD45 - 4010031451","Sin marca","0","conjunto","Herrajes para Muebles","Alta","Conflicto de especificación o variante","Especificación en conflicto por confirmar","Confirmar generación y carga por par de la corredera Ducasse PUSH en empaque o ficha del inventario, y aportar imagen de esa variante.","Los códigos PUSH encontrados corresponden a una especificación Ducasse de 35 kg; el título local anuncia 50 kg. No se resolvió la diferencia por coincidencia de código.",""
"1157","CORREDERA EXT. DUCASSE PUSH 35CM 14"" 50KG","PUD35 - 4010031351","Sin marca","0","conjunto","Herrajes para Muebles","Alta","Conflicto de especificación o variante","Especificación en conflicto por confirmar","Confirmar generación y carga por par de la corredera Ducasse PUSH en empaque o ficha del inventario, y aportar imagen de esa variante.","Los códigos PUSH encontrados corresponden a una especificación Ducasse de 35 kg; el título local anuncia 50 kg. No se resolvió la diferencia por coincidencia de código.",""
"11850","CORREDERA EXT. FEH PUSH 35CM 14"" 37KG","6636","FLEXON","0","conjunto","Herrajes para Muebles","Alta","Conflicto de especificación o variante","Especificación en conflicto por confirmar","Confirmar si la referencia 6636 es push-to-open o extensión estándar, su generación y carga; aportar etiqueta y foto del mecanismo.","La fuente actual FEH identifica 6636 como XT PESADO 350MM, mientras el título local indica PUSH 37 kg.",""
"12826","COCINA ESQUINA 8 PTJ017FR-49X60X75","PTJ017FR","Sin marca","0","Consultar unidad","Herrajes para Muebles","Alta","Conflicto de especificación o variante","Especificación en conflicto por confirmar","Confirmar código completo PTJ017F-R, mano y dimensiones de cada eje en milímetros; aportar ficha de la generación vendida. Indicar también la cantidad/unidad vendida.","La fuente encontrada describe 495 × 865 × 600–750 mm; el título local usa 49 × 60 × 75. No se pudo conciliar la configuración.",""
"2138","CORREDERA EXT. DUCASSE 60CM 24"" 50KG","3032-24D","Sin marca","0","conjunto","Herrajes para Muebles","Alta","Conflicto de especificación o variante","Especificación en conflicto por confirmar","Confirmar generación y capacidad por par de la corredera Ducasse de 50 kg con etiqueta/ficha del inventario, y vincular la referencia completa a la longitud.","La familia actual consultada indica 45 kg, frente a los 50 kg locales; la coincidencia de familia no resuelve la carga ni la generación.",""
"2172","CORREDERA EXT. DUCASSE 55CM 22"" 50KG","3032-22D  10100710550","Sin marca","0","conjunto","Herrajes para Muebles","Alta","Conflicto de especificación o variante","Especificación en conflicto por confirmar","Confirmar generación y capacidad por par de la corredera Ducasse de 50 kg con etiqueta/ficha del inventario, y vincular la referencia completa a la longitud.","La familia actual consultada indica 45 kg, frente a los 50 kg locales; la coincidencia de familia no resuelve la carga ni la generación.",""
"2677","PATA QUALITA NIQUEL 50X50CM","YZ213-50","QUALITA","0","Consultar unidad","Herrajes para Muebles","Alta","Conflicto de especificación o variante","Especificación en conflicto por confirmar","Confirmar altura, ancho y unidad de medida, además del acabado níquel o cromo, con etiqueta/ficha y foto del inventario YZ213. Indicar también la cantidad/unidad vendida.","La ficha del proveedor describe 60 mm de ancho, alturas de 5/10 cm y cromo brillante; el catálogo usa dimensiones 50X y acabado níquel. No se asumió equivalencia.",""
"7795","COCINA ESQUINERO 48X86 96X56 IZQUIE NORM","3519 - HSO856-01","Sin marca","0","unidad","Herrajes para Muebles","Alta","Conflicto de especificación o variante","Especificación en conflicto por confirmar","Confirmar código, mano izquierda, tipo de cierre, número de canastas y medidas de cada eje; aportar ficha del esquinero vendido.","La fuente HSO856-01 corresponde a ECO bidireccional de cuatro canastas, 660 × 515 × 600 mm; difiere de la descripción izquierda y medidas locales.",""
"8458","COCINA CANASTA 4LAD 46.7X42.5X14","PTJ007D","Sin marca","0","Consultar unidad","Herrajes para Muebles","Alta","Conflicto de especificación o variante","Especificación en conflicto por confirmar","Confirmar dimensiones exactas y fabricante/generación de PTJ007D con etiqueta o ficha: 467 o 464 mm, y restantes medidas. Indicar también la cantidad/unidad vendida.","Las fuentes de PTJ007D discrepan en dimensiones; no se concilió su correspondencia con 46,7 × 42,5 × 14 cm locales.",""
"9661","SOPORTE MULTIUSOS 3""1/4 C12 (PAR) T1311-0007","T1311-0007","Sin marca","0","numero de pares","Herrajes para Muebles","Alta","Conflicto de especificación o variante","Especificación en conflicto por confirmar","Confirmar calibre de lámina C12 o 14 en la etiqueta/ficha Induma T1311-0007; aportar foto del par vendido.","La fuente de la referencia T1311-0007 especifica calibre 14; el título local indica C12.",""
"13287","MAKITA TALADRO PERCUTOR 5/8"" 860W","HP-1630","MAKITA","0","unidad","Herramientas","Alta","Conflicto de especificación o variante","Especificación en conflicto por confirmar","Confirmar placa y versión regional de Makita HP-1630, especialmente potencia, y aportar foto del equipo.","La ficha oficial consultada indica 710 W; el título local anuncia 860 W.","https://www.makita.com.mx/makita-v3/wp-content/uploads/2018/03/Ficha_HP1630.pdf
https://makita.cl/producto/taladro-percutor-hp1630/"
"3961","CAT BATERIA LITIO 18V 2.5 AH","DXB2","Sin marca","0","unidad","Herramientas","Alta","Conflicto de especificación o variante","Especificación en conflicto por confirmar","Confirmar capacidad de la batería CAT DXB2 con foto legible de la etiqueta: 18 V y capacidad en Ah.","El catálogo indica 18 V 2,5 Ah; la fuente oficial CAT identifica DXB2 como 18 V 2 Ah.","https://www.catpowertools.com/ufaq/what-batteries-are-available-for-cat-power-tools-and-outdoor-power-equipment/"
"9685","TOTAL PULIDORA 4.1/2 MINI INDUST V/V 1400W","UTG110125563","TOTAL","0","unidad","Herramientas","Alta","Conflicto de especificación o variante","Especificación en conflicto por confirmar","Confirmar potencia y tipo de velocidad de TOTAL UTG110125563 en la placa del equipo y aportar foto del inventario.","La ficha oficial indica 1100 W y 12000 rpm de velocidad fija; el título local anuncia 1400 W y velocidad variable.","https://www.totalbusiness.com/co/product/angle-grinder/UTG110125563"
"15490","GUANTE POLIPROPILENO NEGRO G40 TALLA 8-9","(LAO) 30222042","Sin marca","0","unidad","Seguridad Industrial","Alta","Conflicto de especificación o variante","Especificación en conflicto por confirmar","Confirmar material y talla vendida para 30222042 con empaque/ficha; aclarar si la fila agrupa tallas 8 y 9.","La tabla KleenGuard consultada identifica 30222042 como talla 9, nylon recubierto de poliuretano; el catálogo dice polipropileno y tallas 8–9.",""
"1629","TARUGO MADERA 1/2X40MM","HVA356-07","Sin marca","0","unidad","Tornillería y Fijación","Alta","Conflicto de especificación o variante","Especificación en conflicto por confirmar","Confirmar si 1/2 pulgada es una medida nominal equivalente a 12 mm para HVA356-07, o si el inventario tiene 12,7 mm; aportar etiqueta o medición.","La fuente del mismo código describe 12 × 40 mm; el título local usa 1/2 × 40 mm. No se asumió redondeo nominal.",""
"12906","CINTA SIN FIN MORSE 3/4X3D 30MTS","5106750","Sin marca","0","carrete","Adhesivos y Sellantes","Media","Identidad o especificación insuficiente","Identificación insuficiente","Aportar etiqueta o ficha de compra que identifique fabricante y familia exacta, referencia, contenido/medidas, color y presentación vendida, junto con foto del artículo real.","Las fuentes consultadas no vinculan de forma suficiente la referencia local con un fabricante, modelo y variante únicos.",""
"5195","PEGANTE PL-285 2LITROS","PL-285 2LITROS","Sin marca","0","unidad","Adhesivos y Sellantes","Media","Identidad o especificación insuficiente","Identificación insuficiente","Aportar etiqueta o ficha de compra que identifique fabricante y familia exacta, referencia, contenido/medidas, color y presentación vendida, junto con foto del artículo real.","Las fuentes consultadas no vinculan de forma suficiente la referencia local con un fabricante, modelo y variante únicos.",""
"5199","PEGANTE PL-285 GALON","PL285G","Sin marca","0","unidad","Adhesivos y Sellantes","Media","Identidad o especificación insuficiente","Identificación insuficiente","Aportar etiqueta o ficha de compra que identifique fabricante y familia exacta, referencia, contenido/medidas, color y presentación vendida, junto con foto del artículo real.","Las fuentes consultadas no vinculan de forma suficiente la referencia local con un fabricante, modelo y variante únicos.",""
"5202","PEGANTE PL-285 1/2 BOTELLA","PL- 285 1/2 BOTELLA","Sin marca","0","unidad","Adhesivos y Sellantes","Media","Identidad o especificación insuficiente","Identificación insuficiente","Aportar etiqueta o ficha de compra que identifique fabricante y familia exacta, referencia, contenido/medidas, color y presentación vendida, junto con foto del artículo real.","Las fuentes consultadas no vinculan de forma suficiente la referencia local con un fabricante, modelo y variante únicos.",""
"10015","CERRADURA INAFER SUPRA DERECHA","SUP-DER","Sin marca","0","unidad","Cerrajería","Media","Conflicto de especificación o variante","Identificación insuficiente","Confirmar referencia completa de la INAFER Supra, generación y mano derecha/izquierda en la etiqueta; aportar ambas caras del producto.","Las fuentes mezclan referencias C979 y C333. No quedó establecida la correspondencia con las referencias locales SUP-DER/SUP-IZQ.",""
"10018","CERRADURA INAFER SUPRA IZQUIERDA","SUP-IZQ","Sin marca","0","unidad","Cerrajería","Media","Conflicto de especificación o variante","Identificación insuficiente","Confirmar referencia completa de la INAFER Supra, generación y mano derecha/izquierda en la etiqueta; aportar ambas caras del producto.","Las fuentes mezclan referencias C979 y C333. No quedó establecida la correspondencia con las referencias locales SUP-DER/SUP-IZQ.",""
"10770","CERRADURA KL C640L 83C 4 BOTONES -3 VUELTA","KL-640L83C","KL","0","unidad","Cerrajería","Media","Conflicto de especificación o variante","Identificación insuficiente","Confirmar si la cerradura es C640L83C original o generación MAX y aportar una foto de la etiqueta y del cuerpo de la pieza real.","La fuente actual corresponde a C640L83C MAX; no se acreditó equivalencia con el modelo sin MAX indicado en catálogo.",""
"11106","COMBO CROIX CERRADURA TK-205+ ESCUDO AC-143+MANIJAS TK401+CILINDRO LL-M 60MM CI-11","CE-318","Sin marca","0","combo","Cerrajería","Media","Identidad o especificación insuficiente","Identificación insuficiente","Aportar etiqueta o ficha de compra que identifique fabricante y modelo completo, acabado, mano, backset/medidas y función de ambas caras (llave, mariposa o privacidad), junto con foto del artículo real.","Las fuentes/fotografías consultadas no verifican la mano y configuración exactas; no se espejó una pieza para representar otra variante.",""
"11402","RIEL DUCASSE U-21 6M ALUMINIO","U-216M","Sin marca","0","unidad","Cerrajería","Media","Identidad o especificación insuficiente","Identificación insuficiente","Aportar etiqueta o ficha de compra que identifique fabricante y modelo completo, longitud, carga, perfil y mecanismo de cierre, junto con foto del artículo real.","Las fuentes consultadas no vinculan de forma suficiente la referencia local con un fabricante, modelo y variante únicos.",""
"12024","CERRADURA MHA ENTRADA CILINDRO60MM LL-M MANIJA CON ROSETA 811","CER-058 CIL-039 MAN-020","MHA","0","combo","Cerrajería","Media","Identidad o especificación insuficiente","Identificación insuficiente","Aportar etiqueta o ficha de compra que identifique fabricante y modelo completo, acabado, mano, backset/medidas y función de ambas caras (llave, mariposa o privacidad), junto con foto del artículo real.","Las fuentes/fotografías consultadas no verifican la mano y configuración exactas; no se espejó una pieza para representar otra variante.",""
"13451","MANIJA ENFRENTADA 25CM GRUESA 1""","MA-1X25   PACHA1*25","Sin marca","0","numero de pares","Cerrajería","Media","Identidad o especificación insuficiente","Identificación insuficiente","Aportar etiqueta o ficha de compra que identifique fabricante y modelo completo, acabado, dimensiones y distancia entre centros, junto con foto del artículo real.","Las fuentes/fotografías consultadas no verifican la mano y configuración exactas; no se espejó una pieza para representar otra variante.",""
"13453","MANIJA ENFRENTADA 35CM GRUESA 1","MA1X35","Sin marca","0","numero de pares","Cerrajería","Media","Identidad o especificación insuficiente","Identificación insuficiente","Aportar etiqueta o ficha de compra que identifique fabricante y modelo completo, acabado, dimensiones y distancia entre centros, junto con foto del artículo real.","Las fuentes/fotografías consultadas no verifican la mano y configuración exactas; no se espejó una pieza para representar otra variante.",""
"13730","CERRADURA AMSTRONG 505 DE ENGANCHE SATIN","CE-505","Sin marca","0","unidad","Cerrajería","Media","Identidad o especificación insuficiente","Identificación insuficiente","Aportar etiqueta o ficha de compra que identifique fabricante y modelo completo, acabado, mano, backset/medidas y función de ambas caras (llave, mariposa o privacidad), junto con foto del artículo real.","Las fuentes consultadas no vinculan de forma suficiente la referencia local con un fabricante, modelo y variante únicos.",""
"14185","BARRA VISALOCK SENCILLA + MANIJA","14185","Sin marca","0","numero de pares","Cerrajería","Media","Identidad o especificación insuficiente","Identificación insuficiente","Aportar etiqueta o ficha de compra que identifique fabricante y modelo completo, acabado, dimensiones y distancia entre centros, junto con foto del artículo real.","Las fuentes/fotografías consultadas no verifican la mano y configuración exactas; no se espejó una pieza para representar otra variante.",""
"14412","BISAGRA INTERIOR DUCASSE PAR GAS S/CLIP(PAR)","3010111016","Sin marca","0","numero de pares","Cerrajería","Media","Conflicto de especificación o variante","Identificación insuficiente","Aportar etiqueta o ficha 3010111016 que confirme bisagra interior de gas sin clip y foto de bisagra/base del par vendido.","Las fuentes consultadas no acreditaron la combinación exacta interior, sin clip y referencia 3010111016.",""
"14621","KL CERRADURA 4 PASADORES BACKSET 60MM +CILINDRO 60MM","KL 200 60 C950 60","KL","0","combo","Cerrajería","Media","Conflicto de especificación o variante","Identificación insuficiente","Confirmar los códigos del cuerpo y del cilindro incluidos, longitud, backset y función llave-llave o llave-mariposa. Aportar foto del combo completo vendido.","Las fuentes muestran cuerpos o combinaciones con otros cilindros; no quedó acreditada la composición exacta del combo.",""
"14756","MANIJA QUALITA ACERO CUADRADA 12.8","MQS7092-12.8","QUALITA","0","unidad","Cerrajería","Media","Identidad o especificación insuficiente","Identificación insuficiente","Aportar etiqueta o ficha de compra que identifique fabricante y modelo completo, acabado, dimensiones y distancia entre centros, junto con foto del artículo real.","Las fuentes/fotografías consultadas no verifican la mano y configuración exactas; no se espejó una pieza para representar otra variante.",""
"15139","CERRADURA KL POMO TUBULAR ENTRADA CROMADA KL 112E","KL 112E","KL","0","unidad","Cerrajería","Media","Identidad o especificación insuficiente","Identificación insuficiente","Aportar etiqueta o ficha de compra que identifique fabricante y modelo completo, acabado, mano, backset/medidas y función de ambas caras (llave, mariposa o privacidad), junto con foto del artículo real.","Las fuentes consultadas no vinculan de forma suficiente la referencia local con un fabricante, modelo y variante únicos.",""
"15356","CERRADURA MHA NEGRA CUADRADA ALCOBA","CER-077","MHA","0","unidad","Cerrajería","Media","Identidad o especificación insuficiente","Identificación insuficiente","Aportar etiqueta o ficha de compra que identifique fabricante y modelo completo, acabado, mano, backset/medidas y función de ambas caras (llave, mariposa o privacidad), junto con foto del artículo real.","La imagen encontrada es compartida o agrupa variantes; no acredita por sí sola las medidas, acabado o configuración exactos de este SKU.",""
"15358","CERRADURA MHA MANIJA NEGRA CUADRADA BAÑO","CER-041","MHA","0","unidad","Cerrajería","Media","Identidad o especificación insuficiente","Identificación insuficiente","Aportar etiqueta o ficha de compra que identifique fabricante y modelo completo, acabado, mano, backset/medidas y función de ambas caras (llave, mariposa o privacidad), junto con foto del artículo real.","La imagen encontrada es compartida o agrupa variantes; no acredita por sí sola las medidas, acabado o configuración exactos de este SKU.",""
"15666","MANIJA EVEREST NEGRA","MAN-032","Sin marca","0","unidad","Cerrajería","Media","Identidad o especificación insuficiente","Identificación insuficiente","Aportar etiqueta o ficha de compra que identifique fabricante y modelo completo, acabado, dimensiones y distancia entre centros, junto con foto del artículo real.","Las fuentes/fotografías consultadas no verifican la mano y configuración exactas; no se espejó una pieza para representar otra variante.",""
"15703","KL CERRADURA 4 PASADORES BASKSET 50MM+CILINDRO 60MM","KL 200 50 C950 60","KL","0","combo","Cerrajería","Media","Conflicto de especificación o variante","Identificación insuficiente","Confirmar los códigos del cuerpo y del cilindro incluidos, longitud, backset y función llave-llave o llave-mariposa. Aportar foto del combo completo vendido.","Las fuentes muestran cuerpos o combinaciones con otros cilindros; no quedó acreditada la composición exacta del combo.",""
"15719","CERRADURA MHA SOBREPONER PLUS IZQUIERDA 70MM CER-053","CER-053","MHA","0","unidad","Cerrajería","Media","Conflicto de especificación o variante","Identificación insuficiente","Confirmar generación PLUS y código completo del fabricante asociado a la referencia CER local; aportar etiqueta y foto de la variante del inventario.","Las fuentes actuales describen generaciones o combinaciones distintas. No se acreditó equivalencia entre el modelo local y las versiones actuales.",""
"15720","CERRADURA MHA SOBREPONER PLUS DERECHA 70MM CER-052","CER-052","MHA","0","unidad","Cerrajería","Media","Conflicto de especificación o variante","Identificación insuficiente","Confirmar generación PLUS y código completo del fabricante asociado a la referencia CER local; aportar etiqueta y foto de la variante del inventario.","Las fuentes actuales describen generaciones o combinaciones distintas. No se acreditó equivalencia entre el modelo local y las versiones actuales.",""
"15738","MANIJA ENFRENTADA NEGRA 1""X25CM REFPACHAN1""X25","REF PACHAN1""X25","Sin marca","0","unidad","Cerrajería","Media","Identidad o especificación insuficiente","Identificación insuficiente","Aportar etiqueta o ficha de compra que identifique fabricante y modelo completo, acabado, dimensiones y distancia entre centros, junto con foto del artículo real.","Las fuentes/fotografías consultadas no verifican la mano y configuración exactas; no se espejó una pieza para representar otra variante.",""
"15825","CERROJO MHA D101 PLUS LL-M","CER-087","MHA","0","unidad","Cerrajería","Media","Conflicto de especificación o variante","Identificación insuficiente","Confirmar generación PLUS y código completo del fabricante asociado a la referencia CER local; aportar etiqueta y foto de la variante del inventario.","Las fuentes actuales describen generaciones o combinaciones distintas. No se acreditó equivalencia entre el modelo local y las versiones actuales.",""
"15880","PASADOR INDUMA CUADRADO 2.1/2"" ZINCADO","T1502-0050","Sin marca","0","unidad","Cerrajería","Media","Identidad o especificación insuficiente","Identificación insuficiente","Aportar etiqueta o ficha de compra que identifique fabricante y modelo completo, medidas, acabado, geometría y piezas incluidas, junto con foto del artículo real.","Las fuentes consultadas no vinculan de forma suficiente la referencia local con un fabricante, modelo y variante únicos.",""
"15892","CERRADURA DIGITAL MHA","HC-421","MHA","0","unidad","Cerrajería","Media","Conflicto de especificación o variante","Identificación insuficiente","Confirmar si HC-421 del inventario es la generación HC421 PLUS con cámara o una anterior; aportar etiqueta y foto del dispositivo real.","La imagen actual encontrada muestra HC421 PLUS con cámara; no se acreditó equivalencia con HC-421 sin PLUS del catálogo.",""
"15898","BISAGRA COMUN ZINCADA 4"" (PAR)","10964343163","Sin marca","0","numero de pares","Cerrajería","Media","Identidad o especificación insuficiente","Identificación insuficiente","Aportar etiqueta o ficha de compra que identifique fabricante y modelo completo, dimensiones, acabado, montaje, tipo de cierre y piezas incluidas por par, junto con foto del artículo real.","Las fuentes consultadas no vinculan de forma suficiente la referencia local con un fabricante, modelo y variante únicos.",""
"15923","PASADOR INDUMA CUADRADO 1.1/2"" ZINCADO","T1502-0016","Sin marca","0","unidad","Cerrajería","Media","Identidad o especificación insuficiente","Identificación insuficiente","Aportar etiqueta o ficha de compra que identifique fabricante y modelo completo, medidas, acabado, geometría y piezas incluidas, junto con foto del artículo real.","Las fuentes consultadas no vinculan de forma suficiente la referencia local con un fabricante, modelo y variante únicos.",""
"15989","COMBO BARRA ANTIPANICO KL 1 PUNTO + MANIJA + CIERRA PUERTA 80 KILOS","BAR-1-KIT","KL","0","combo","Cerrajería","Media","Identidad o especificación insuficiente","Identificación insuficiente","Aportar etiqueta o ficha de compra que identifique fabricante y modelo completo, acabado, dimensiones y distancia entre centros, junto con foto del artículo real.","Las fuentes/fotografías consultadas no verifican la mano y configuración exactas; no se espejó una pieza para representar otra variante.",""
"2665","PASADOR INDUMA ZINCADO 2.1/2","T1501","Sin marca","0","unidad","Cerrajería","Media","Identidad o especificación insuficiente","Identificación insuficiente","Aportar etiqueta o ficha de compra que identifique fabricante y modelo completo, medidas, acabado, geometría y piezas incluidas, junto con foto del artículo real.","Las fuentes consultadas no vinculan de forma suficiente la referencia local con un fabricante, modelo y variante únicos.",""
"5012","PASADOR INDUMA ZINCADO 1.1/2","43134","Sin marca","0","unidad","Cerrajería","Media","Identidad o especificación insuficiente","Identificación insuficiente","Aportar etiqueta o ficha de compra que identifique fabricante y modelo completo, medidas, acabado, geometría y piezas incluidas, junto con foto del artículo real.","Las fuentes consultadas no vinculan de forma suficiente la referencia local con un fabricante, modelo y variante únicos.",""
"0242-1","TOMA CORRIENTE NARANJA REGULADA","","Sin marca","0","unidad","Eléctrico","Media","Identidad o especificación insuficiente","Identificación insuficiente","Aportar etiqueta o ficha de compra que identifique fabricante y modelo completo, color, dimensiones, cantidad/tipo de conexiones y capacidad eléctrica, junto con foto del artículo real.","Las fuentes consultadas no vinculan de forma suficiente la referencia local con un fabricante, modelo y variante únicos.",""
"10120","MULTITOMA NOVEL CON 3 MODULOS BLANCO-NEGRO","MULTITOMA NOVEL CON 3 MODULOS BLANCO-NEGRO","Sin marca","0","unidad","Eléctrico","Media","Identidad o especificación insuficiente","Identificación insuficiente","Aportar etiqueta o ficha de compra que identifique fabricante y modelo completo, color, dimensiones, cantidad/tipo de conexiones y capacidad eléctrica, junto con foto del artículo real.","Las fuentes consultadas no vinculan de forma suficiente la referencia local con un fabricante, modelo y variante únicos.",""
"10907","EXTENSION POLO TIERRA 3 TOMAS 3X14 AWG 10MTS NARANJA","EXTPT10","Sin marca","0","unidad","Eléctrico","Media","Identidad o especificación insuficiente","Identificación insuficiente","Aportar etiqueta o ficha de compra que identifique fabricante y modelo completo, medidas, potencia/capacidad eléctrica y configuración de conexión, junto con foto del artículo real.","Las fuentes consultadas no vinculan de forma suficiente la referencia local con un fabricante, modelo y variante únicos.",""
"12316","MULTITOMA VELA NEGRA TOMA CORRIENTE NARANJA","A8 NEGRA","Sin marca","0","unidad","Eléctrico","Media","Identidad o especificación insuficiente","Identificación insuficiente","Aportar etiqueta o ficha de compra que identifique fabricante y modelo completo, color, dimensiones, cantidad/tipo de conexiones y capacidad eléctrica, junto con foto del artículo real.","Las fuentes consultadas no vinculan de forma suficiente la referencia local con un fabricante, modelo y variante únicos.",""
"13852","CAJA MULTITOMA DOBLE LEVINTON VELA CON CEPILLO Y PUSH NEGRO","A8 NEGRA","Sin marca","0","unidad","Eléctrico","Media","Identidad o especificación insuficiente","Identificación insuficiente","Aportar etiqueta o ficha de compra que identifique fabricante y modelo completo, color, dimensiones, cantidad/tipo de conexiones y capacidad eléctrica, junto con foto del artículo real.","Las fuentes consultadas no vinculan de forma suficiente la referencia local con un fabricante, modelo y variante únicos.",""
"14320","GROMMET SELENE GRIS   75M","GSG","Sin marca","0","unidad","Eléctrico","Media","Identidad o especificación insuficiente","Identificación insuficiente","Aportar etiqueta o ficha de compra que identifique fabricante y modelo completo, color, dimensiones, cantidad/tipo de conexiones y capacidad eléctrica, junto con foto del artículo real.","Las fuentes consultadas no vinculan de forma suficiente la referencia local con un fabricante, modelo y variante únicos.",""
"14377","GROMMET DIFAMOLD REDONDO 1CORRIENTE  2USB","GRO-3","Sin marca","0","unidad","Eléctrico","Media","Identidad o especificación insuficiente","Identificación insuficiente","Aportar etiqueta o ficha de compra que identifique fabricante y modelo completo, color, dimensiones, cantidad/tipo de conexiones y capacidad eléctrica, junto con foto del artículo real.","Las fuentes consultadas no vinculan de forma suficiente la referencia local con un fabricante, modelo y variante únicos.",""
"14435","GROMMET SELENE NEGRO 75MM","GSN","Sin marca","0","unidad","Eléctrico","Media","Identidad o especificación insuficiente","Identificación insuficiente","Aportar etiqueta o ficha de compra que identifique fabricante y modelo completo, color, dimensiones, cantidad/tipo de conexiones y capacidad eléctrica, junto con foto del artículo real.","Las fuentes consultadas no vinculan de forma suficiente la referencia local con un fabricante, modelo y variante únicos.",""
"14436","PANEL LED REDON S/P 11"" 24W 3500K","14436","Sin marca","0","Consultar unidad","Eléctrico","Media","Identidad o especificación insuficiente","Identificación insuficiente","Aportar etiqueta o ficha de compra que identifique fabricante y modelo completo, dimensiones, acabado y presentación vendida, junto con foto del artículo real.","Las fuentes consultadas no vinculan de forma suficiente la referencia local con un fabricante, modelo y variante únicos.",""
"14775","CAT LINTERNA LED BOLSILLO 100L","CAT-2210BL","Sin marca","0","unidad","Eléctrico","Media","Identidad o especificación insuficiente","Identificación insuficiente","Aportar etiqueta o ficha de compra que identifique fabricante y modelo completo con sufijo regional, potencia/voltaje, capacidad y accesorios incluidos, junto con foto del artículo real.","Las fuentes consultadas no vinculan de forma suficiente la referencia local con un fabricante, modelo y variante únicos.",""
"14798","CAT LINTERNA LED DE BOLSILLO 175 LUMEN","CT1200B","Sin marca","0","unidad","Eléctrico","Media","Conflicto de especificación o variante","Identificación insuficiente","Confirmar sufijo CT1200B y color/acabado del inventario; aportar foto del cuerpo y etiqueta del modelo exacto.","La fuente CT1200 encontrada muestra acabado camuflado, sin correspondencia acreditada con el sufijo B local.",""
"15352","GROMMET SATURNO B-N-G CORRIENTE-USB","GROMMET SATURNO B-N-G CORRIENTE-USB","Sin marca","0","unidad","Eléctrico","Media","Identidad o especificación insuficiente","Identificación insuficiente","Aportar etiqueta o ficha de compra que identifique fabricante y modelo completo, color, dimensiones, cantidad/tipo de conexiones y capacidad eléctrica, junto con foto del artículo real.","Las fuentes consultadas no vinculan de forma suficiente la referencia local con un fabricante, modelo y variante únicos.",""
"15452","CAJA CONECTIVIDAD NEGRA CON 2 CORRIENTES 1 DE DATOS Y CABLE DE 2 METROS","CAJA CONECTIVIDAD NEGRA CON 2 CORRIENTES 1 DE DATOS Y CABLE DE 2 METROS","Sin marca","0","unidad","Eléctrico","Media","Identidad o especificación insuficiente","Identificación insuficiente","Aportar etiqueta o ficha de compra que identifique fabricante y modelo completo, medidas, potencia/capacidad eléctrica y configuración de conexión, junto con foto del artículo real.","Las fuentes consultadas no vinculan de forma suficiente la referencia local con un fabricante, modelo y variante únicos.",""
"1553","MULTITOMA INDUSTRIAL NEGRA 3MTS","MT-3","Sin marca","0","unidad","Eléctrico","Media","Identidad o especificación insuficiente","Identificación insuficiente","Aportar etiqueta o ficha de compra que identifique fabricante y modelo completo, color, dimensiones, cantidad/tipo de conexiones y capacidad eléctrica, junto con foto del artículo real.","Las fuentes consultadas no vinculan de forma suficiente la referencia local con un fabricante, modelo y variante únicos.",""
"1554","MULTIEXTENSION 3MTS","MTEX001","Sin marca","0","unidad","Eléctrico","Media","Identidad o especificación insuficiente","Identificación insuficiente","Aportar etiqueta o ficha de compra que identifique fabricante y modelo completo, medidas, potencia/capacidad eléctrica y configuración de conexión, junto con foto del artículo real.","Las fuentes consultadas no vinculan de forma suficiente la referencia local con un fabricante, modelo y variante únicos.",""
"15842","TOMA CUADRADA NEGRA 2CORRIENTE 1USB 1HDMI","A025 NEGRA","Sin marca","0","unidad","Eléctrico","Media","Identidad o especificación insuficiente","Identificación insuficiente","Aportar etiqueta o ficha de compra que identifique fabricante y modelo completo, dimensiones, acabado y presentación vendida, junto con foto del artículo real.","Las fuentes consultadas no vinculan de forma suficiente la referencia local con un fabricante, modelo y variante únicos.",""
"15928","MULTITOMA VELA GRIS CON TOMA CORRIENTE NARANJA","A8 GRIS","Sin marca","0","unidad","Eléctrico","Media","Identidad o especificación insuficiente","Identificación insuficiente","Aportar etiqueta o ficha de compra que identifique fabricante y modelo completo, color, dimensiones, cantidad/tipo de conexiones y capacidad eléctrica, junto con foto del artículo real.","Las fuentes consultadas no vinculan de forma suficiente la referencia local con un fabricante, modelo y variante únicos.",""
"15995","GROMMET SELENE BLANCO 75MM 1 CORRIENTE 1 USB 1 TIPOC","","Sin marca","0","unidad","Eléctrico","Media","Identidad o especificación insuficiente","Identificación insuficiente","Aportar etiqueta o ficha de compra que identifique fabricante y modelo completo, color, dimensiones, cantidad/tipo de conexiones y capacidad eléctrica, junto con foto del artículo real.","Las fuentes consultadas no vinculan de forma suficiente la referencia local con un fabricante, modelo y variante únicos.",""
"2418","EXTENSION POLO TIERRA NEGRA 3X12 5MTS","EXPNN05","Sin marca","0","unidad","Eléctrico","Media","Identidad o especificación insuficiente","Identificación insuficiente","Aportar etiqueta o ficha de compra que identifique fabricante y modelo completo, medidas, potencia/capacidad eléctrica y configuración de conexión, junto con foto del artículo real.","Las fuentes consultadas no vinculan de forma suficiente la referencia local con un fabricante, modelo y variante únicos.",""
"2716","EXTENSION POLO TIERRA 3 TOMAS 3X14 AWG 15 MTS NARANJA","EXTPT15","Sin marca","0","unidad","Eléctrico","Media","Identidad o especificación insuficiente","Identificación insuficiente","Aportar etiqueta o ficha de compra que identifique fabricante y modelo completo, medidas, potencia/capacidad eléctrica y configuración de conexión, junto con foto del artículo real.","Las fuentes consultadas no vinculan de forma suficiente la referencia local con un fabricante, modelo y variante únicos.",""
"6040","MULTITOMA INDUSTRIAL NEGRA 5MTS","MT-5","Sin marca","0","unidad","Eléctrico","Media","Identidad o especificación insuficiente","Identificación insuficiente","Aportar etiqueta o ficha de compra que identifique fabricante y modelo completo, color, dimensiones, cantidad/tipo de conexiones y capacidad eléctrica, junto con foto del artículo real.","Las fuentes consultadas no vinculan de forma suficiente la referencia local con un fabricante, modelo y variante únicos.",""
"13853","CAJA CONECTIVIDAD VERSA CON 2 LEVINTON + 6 MODULOS N/G/B","MULTITOMA VERSA","Sin marca","0","unidad","Ferretería General","Media","Identidad o especificación insuficiente","Identificación insuficiente","Aportar etiqueta o ficha de compra que identifique fabricante y modelo completo, color, dimensiones, cantidad/tipo de conexiones y capacidad eléctrica, junto con foto del artículo real.","Las fuentes consultadas no vinculan de forma suficiente la referencia local con un fabricante, modelo y variante únicos.",""
"14154","RETAL DE FRANELA BLANCO BULTO DE TRAPO","","Sin marca","0","unidad","Ferretería General","Media","Identidad o especificación insuficiente","Identificación insuficiente","Aportar etiqueta o ficha de compra que identifique fabricante y modelo completo, dimensiones, acabado y presentación vendida, junto con foto del artículo real.","Las fuentes consultadas no vinculan de forma suficiente la referencia local con un fabricante, modelo y variante únicos.",""
"15922","PIE DE AMIGO EQUALIZABLE 12"" NEGRO (PAR)","MC101 1 NEGRO","Sin marca","0","numero de pares","Ferretería General","Media","Identidad o especificación insuficiente","Identificación insuficiente","Aportar etiqueta o ficha de compra que identifique fabricante y modelo completo, dimensiones, acabado y presentación vendida, junto con foto del artículo real.","Las fuentes consultadas no vinculan de forma suficiente la referencia local con un fabricante, modelo y variante únicos.",""
"5995","RODAMIENTO 25.4mm BALINERA R-10R","R-10R","Sin marca","0","unidad","Ferretería General","Media","Identidad o especificación insuficiente","Identificación insuficiente","Aportar etiqueta o ficha de compra que identifique fabricante y modelo completo, dimensiones, acabado y presentación vendida, junto con foto del artículo real.","Las fuentes consultadas no vinculan de forma suficiente la referencia local con un fabricante, modelo y variante únicos.",""
"8614","CUCHILLA BISTURI 18MM  10PZS","CB18MM -HH-09A","Sin marca","0","conjunto","Ferretería General","Media","Identidad o especificación insuficiente","Identificación insuficiente","Aportar etiqueta o ficha de compra que identifique fabricante y modelo completo, dimensiones, acabado y presentación vendida, junto con foto del artículo real.","Las fuentes consultadas no vinculan de forma suficiente la referencia local con un fabricante, modelo y variante únicos.",""
"8973","SOPORTE OCULTO ARE 15CM ZINCADO","SO15","Sin marca","0","Consultar unidad","Ferretería General","Media","Identidad o especificación insuficiente","Identificación insuficiente","Aportar etiqueta o ficha de compra que identifique fabricante y modelo completo, medidas, acabado, geometría y piezas incluidas, junto con foto del artículo real. Indicar también la cantidad/unidad vendida.","Las fuentes consultadas no vinculan de forma suficiente la referencia local con un fabricante, modelo y variante únicos.",""
"8974","SOPORTE OCULTO ARE 19CM ZINCADO","SO19","Sin marca","0","Consultar unidad","Ferretería General","Media","Identidad o especificación insuficiente","Identificación insuficiente","Aportar etiqueta o ficha de compra que identifique fabricante y modelo completo, medidas, acabado, geometría y piezas incluidas, junto con foto del artículo real. Indicar también la cantidad/unidad vendida.","Las fuentes consultadas no vinculan de forma suficiente la referencia local con un fabricante, modelo y variante únicos.",""
"8975","SOPORTE OCULTO ARE 25CM ZINCADO","SO25","Sin marca","0","Consultar unidad","Ferretería General","Media","Identidad o especificación insuficiente","Identificación insuficiente","Aportar etiqueta o ficha de compra que identifique fabricante y modelo completo, medidas, acabado, geometría y piezas incluidas, junto con foto del artículo real. Indicar también la cantidad/unidad vendida.","Las fuentes consultadas no vinculan de forma suficiente la referencia local con un fabricante, modelo y variante únicos.",""
"9609","SOPORTE OCULTO 25CM FUNDICOL","SOPROS25","Sin marca","0","unidad","Ferretería General","Media","Identidad o especificación insuficiente","Identificación insuficiente","Aportar etiqueta o ficha de compra que identifique fabricante y modelo completo, medidas, acabado, geometría y piezas incluidas, junto con foto del artículo real.","Las fuentes consultadas no vinculan de forma suficiente la referencia local con un fabricante, modelo y variante únicos.",""
"10398","RS CORREDERA MAGICBOX 50 SLOW NEGRO H80","H80","Sin marca","0","unidad","Herrajes para Muebles","Media","Identidad o especificación insuficiente","Identificación insuficiente","Confirmar fabricante y generación RS Magicbox de 500 mm, H80, negra y cierre lento con etiqueta/ficha del inventario.","Se localizó una familia TOIN/Unihopper Magic Box H80, pero no se acreditó su equivalencia con RS/H80 local.",""
"10804","REJI ALACENA SENC 36X46X183/195CM CROMO","40579","Sin marca","0","Consultar unidad","Herrajes para Muebles","Media","Identidad o especificación insuficiente","Identificación insuficiente","Aportar etiqueta o ficha de compra que identifique fabricante y modelo completo, medidas de cada eje, color/acabado, mano, cierre y piezas incluidas, junto con foto del artículo real. Indicar también la cantidad/unidad vendida.","Las fuentes consultadas no vinculan de forma suficiente la referencia local con un fabricante, modelo y variante únicos.",""
"12932","CAZUELA QUALITA ALUMINIO 24","QAN308-24","QUALITA","0","unidad","Herrajes para Muebles","Media","Identidad o especificación insuficiente","Identificación insuficiente","Aportar etiqueta o ficha de compra que identifique fabricante y modelo completo, acabado, dimensiones y distancia entre centros, junto con foto del artículo real.","Las fuentes/fotografías consultadas no verifican la mano y configuración exactas; no se espejó una pieza para representar otra variante.",""
"13805","BOTON FUNDI SOMBRILLA LISO #2","BOTSOMLIS","Sin marca","0","unidad","Herrajes para Muebles","Media","Identidad o especificación insuficiente","Identificación insuficiente","Aportar etiqueta o ficha de compra que identifique fabricante y modelo completo, acabado, dimensiones y distancia entre centros, junto con foto del artículo real.","Las fuentes consultadas no vinculan de forma suficiente la referencia local con un fabricante, modelo y variante únicos.",""
"14415","BRAZO NEUMATICO C/L 60N GRASS","BGC-60","Sin marca","0","unidad","Herrajes para Muebles","Media","Identidad o especificación insuficiente","Identificación insuficiente","Aportar etiqueta o ficha de compra que identifique fabricante y modelo completo, fuerza/carga, recorrido, dimensiones y contenido del conjunto, junto con foto del artículo real.","Las fuentes consultadas no vinculan de forma suficiente la referencia local con un fabricante, modelo y variante únicos.",""
"14437","CORREDERA EXT. DUCASSE 30CM 12"" INVISIBLE CIERRE LENTO 35KG","C30INV","Sin marca","0","conjunto","Herrajes para Muebles","Media","Identidad o especificación insuficiente","Identificación insuficiente","Aportar etiqueta o ficha de compra que identifique fabricante y modelo completo, longitud, carga, perfil y mecanismo de cierre, junto con foto del artículo real.","Las fuentes consultadas no vinculan de forma suficiente la referencia local con un fabricante, modelo y variante únicos.",""
"14472","COCINA CUBIERTERO CAL 80 62X48 CM","14472","Sin marca","0","unidad","Herrajes para Muebles","Media","Identidad o especificación insuficiente","Identificación insuficiente","Aportar etiqueta o ficha de compra que identifique fabricante y modelo completo, medidas de cada eje, color/acabado, mano, cierre y piezas incluidas, junto con foto del artículo real.","Las fuentes consultadas no vinculan de forma suficiente la referencia local con un fabricante, modelo y variante únicos.",""
"15872","BOTON BRONCE ESPIRAL","1268","Sin marca","0","unidad","Herrajes para Muebles","Media","Identidad o especificación insuficiente","Identificación insuficiente","Aportar etiqueta o ficha de compra que identifique fabricante y modelo completo, acabado, dimensiones y distancia entre centros, junto con foto del artículo real.","Las fuentes consultadas no vinculan de forma suficiente la referencia local con un fabricante, modelo y variante únicos.",""
"15943","PIE DE AMIGO EQUALIZABLE 8"" BLANCO (PAR)","MC101 8 BLANCO","Sin marca","0","numero de pares","Herrajes para Muebles","Media","Identidad o especificación insuficiente","Identificación insuficiente","Aportar etiqueta o ficha de compra que identifique fabricante y modelo completo, dimensiones, acabado y presentación vendida, junto con foto del artículo real.","Las fuentes consultadas no vinculan de forma suficiente la referencia local con un fabricante, modelo y variante únicos.",""
"15948","RODACHINA 1.1/2 NEGRA CON FRENO","7015086","Sin marca","0","unidad","Herrajes para Muebles","Media","Identidad o especificación insuficiente","Identificación insuficiente","Aportar etiqueta o ficha de compra que identifique fabricante y modelo completo, dimensiones, acabado y presentación vendida, junto con foto del artículo real.","Las fuentes consultadas no vinculan de forma suficiente la referencia local con un fabricante, modelo y variante únicos.",""
"15955","MANIJA EN ACERO INOX REDONDA DE 3/8 (9MM) X 15 CMS ENTRE EJES Y PLATINA DE 2.5 CM DE LARGO TOTAL","","TOTAL","0","unidad","Herrajes para Muebles","Media","Identidad o especificación insuficiente","Identificación insuficiente","Aportar etiqueta o ficha de compra que identifique fabricante y modelo completo, acabado, dimensiones y distancia entre centros, junto con foto del artículo real.","Las fuentes/fotografías consultadas no verifican la mano y configuración exactas; no se espejó una pieza para representar otra variante.",""
"16006","HERRAJE CAMA BAUL HIDRAULICO DOBLE 1.20MTS","H-CAMA DOBLE","Sin marca","0","unidad","Herrajes para Muebles","Media","Identidad o especificación insuficiente","Identificación insuficiente","Aportar etiqueta o ficha de compra que identifique fabricante y modelo completo, dimensiones, acabado y presentación vendida, junto con foto del artículo real.","Las fuentes/fotografías consultadas no verifican la mano y configuración exactas; no se espejó una pieza para representar otra variante.",""
"16008","BRAZO TK KEEL DOBLE 6-12KG GS325-M (GS325-M)","GS325-M","Sin marca","0","numero de pares","Herrajes para Muebles","Media","Conflicto de especificación o variante","Identificación insuficiente","Confirmar rango de carga de 6–12 kg y contenido exacto GS325-M vendido; aportar etiqueta/ficha y foto del conjunto.","La fuente encontrada indica máximo de 12,14 kg e incluye componentes adicionales; no se concilió el rango y contenido completo de la variante.",""
"2602","ALACENA SENCILLA GR 5 CANASTAS M-30 x50 alt 183/195 CROMADO CIERRE LENTO","40589","Sin marca","0","unidad","Herrajes para Muebles","Media","Identidad o especificación insuficiente","Identificación insuficiente","Aportar etiqueta o ficha de compra que identifique fabricante y modelo completo, medidas de cada eje, color/acabado, mano, cierre y piezas incluidas, junto con foto del artículo real.","Las fuentes consultadas no vinculan de forma suficiente la referencia local con un fabricante, modelo y variante únicos.",""
"2668","PATA ACERO 1.1/2X15CM C/NIV","PATA-15CM","Sin marca","0","unidad","Herrajes para Muebles","Media","Identidad o especificación insuficiente","Identificación insuficiente","Aportar etiqueta o ficha de compra que identifique fabricante y modelo completo, medidas, acabado, geometría y piezas incluidas, junto con foto del artículo real.","Las fuentes consultadas no vinculan de forma suficiente la referencia local con un fabricante, modelo y variante únicos.",""
"8467","BRAZO QUALA ABATIBLE 100N","QMP013D100","Sin marca","0","unidad","Herrajes para Muebles","Media","Identidad o especificación insuficiente","Identificación insuficiente","Aportar etiqueta o ficha de compra que identifique fabricante y modelo completo, fuerza/carga, recorrido, dimensiones y contenido del conjunto, junto con foto del artículo real.","Las fuentes consultadas no vinculan de forma suficiente la referencia local con un fabricante, modelo y variante únicos.",""
"9225","CORREDERA EXT. CLASIC 14"" 35 CM 50KG","35Z","Sin marca","0","unidad","Herrajes para Muebles","Media","Conflicto de especificación o variante","Identificación insuficiente","Confirmar serie, capacidad de carga y longitud de la corredera Classic 35Z con empaque/ficha y foto del inventario.","La fuente encontrada describe una corredera liviana 35Z-CLAS; no acredita la carga de 50 kg anunciada localmente.",""
"9951","COCINA MESA PLANCHA HZ040","HZ0401","Sin marca","0","unidad","Herrajes para Muebles","Media","Identidad o especificación insuficiente","Identificación insuficiente","Aportar etiqueta o ficha de compra que identifique fabricante y modelo completo, medidas de cada eje, color/acabado, mano, cierre y piezas incluidas, junto con foto del artículo real.","Las fuentes consultadas no vinculan de forma suficiente la referencia local con un fabricante, modelo y variante únicos.",""
"0111","LIJA DE BANDA R219 #60 4X24","0214605","Sin marca","0","banda","Herramientas","Media","Identidad o especificación insuficiente","Identificación insuficiente","Aportar etiqueta de fabricante y referencia completa del abrasivo del inventario, que vincule el código local con marca/serie, medidas y grano. Incluir foto del producto real.","Se localizaron productos de medidas o familia similares bajo otras marcas/códigos; no se acreditó equivalencia con la referencia local.",""
"0112","LIJA DE BANDA R219 #80 4X24","0214610","Sin marca","0","banda","Herramientas","Media","Identidad o especificación insuficiente","Identificación insuficiente","Aportar etiqueta de fabricante y referencia completa del abrasivo del inventario, que vincule el código local con marca/serie, medidas y grano. Incluir foto del producto real.","Se localizaron productos de medidas o familia similares bajo otras marcas/códigos; no se acreditó equivalencia con la referencia local.",""
"0117","LIJA DE BANDA 6X48X80 PABSA","0214710","Sin marca","0","unidad","Herramientas","Media","Identidad o especificación insuficiente","Identificación insuficiente","Aportar etiqueta de fabricante y referencia completa del abrasivo del inventario, que vincule el código local con marca/serie, medidas y grano. Incluir foto del producto real.","Se localizaron productos de medidas o familia similares bajo otras marcas/códigos; no se acreditó equivalencia con la referencia local.",""
"0182","PIEDRA PABSA PARA AFILAR 8X2X1 108C","0207230","Sin marca","0","unidad","Herramientas","Media","Identidad o especificación insuficiente","Identificación insuficiente","Aportar etiqueta de fabricante y referencia completa del abrasivo del inventario, que vincule el código local con marca/serie, medidas y grano. Incluir foto del producto real.","Se localizaron productos de medidas o familia similares bajo otras marcas/códigos; no se acreditó equivalencia con la referencia local.",""
"10186","SIERRA COPA MORSE 2.1/2","51586","Sin marca","0","Consultar unidad","Herramientas","Media","Identidad o especificación insuficiente","Identificación insuficiente","Aportar etiqueta o ficha de compra que identifique fabricante y modelo completo, medidas, acople, dientes y componentes/cantidad vendidos, junto con foto del artículo real. Indicar también la cantidad/unidad vendida.","Las fuentes consultadas no vinculan de forma suficiente la referencia local con un fabricante, modelo y variante únicos.",""
"10188","SIERRA COPA MORSE 3.1/2","51592","Sin marca","0","Consultar unidad","Herramientas","Media","Identidad o especificación insuficiente","Identificación insuficiente","Aportar etiqueta o ficha de compra que identifique fabricante y modelo completo, medidas, acople, dientes y componentes/cantidad vendidos, junto con foto del artículo real. Indicar también la cantidad/unidad vendida.","Las fuentes consultadas no vinculan de forma suficiente la referencia local con un fabricante, modelo y variante únicos.",""
"10190","SIERRA COPA MORSE 1.1/2 38mm","5155921","Sin marca","0","unidad","Herramientas","Media","Identidad o especificación insuficiente","Identificación insuficiente","Aportar etiqueta o ficha de compra que identifique fabricante y modelo completo, medidas, acople, dientes y componentes/cantidad vendidos, junto con foto del artículo real.","Las fuentes consultadas no vinculan de forma suficiente la referencia local con un fabricante, modelo y variante únicos.",""
"10191","SIERRA COPA MORSE 1.1/4","1555910","Sin marca","0","unidad","Herramientas","Media","Identidad o especificación insuficiente","Identificación insuficiente","Aportar etiqueta o ficha de compra que identifique fabricante y modelo completo, medidas, acople, dientes y componentes/cantidad vendidos, junto con foto del artículo real.","Las fuentes consultadas no vinculan de forma suficiente la referencia local con un fabricante, modelo y variante únicos.",""
"10192","SIERRA COPA MORSE 2.3/8","5155938","Sin marca","0","unidad","Herramientas","Media","Identidad o especificación insuficiente","Identificación insuficiente","Aportar etiqueta o ficha de compra que identifique fabricante y modelo completo, medidas, acople, dientes y componentes/cantidad vendidos, junto con foto del artículo real.","Las fuentes consultadas no vinculan de forma suficiente la referencia local con un fabricante, modelo y variante únicos.",""
"10450","SIERRA COPA MORSE 1""","514640","Sin marca","0","unidad","Herramientas","Media","Identidad o especificación insuficiente","Identificación insuficiente","Aportar etiqueta o ficha de compra que identifique fabricante y modelo completo, medidas, acople, dientes y componentes/cantidad vendidos, junto con foto del artículo real.","Las fuentes consultadas no vinculan de forma suficiente la referencia local con un fabricante, modelo y variante únicos.",""
"10583","DEWALT TRONZADORA 14"" 2200W","DW28730-B3","DEWALT","0","unidad","Herramientas","Media","Conflicto de especificación o variante","Especificación en conflicto por confirmar","Confirmar modelo de placa DW28730-B3 o D28730-B3 y potencia 2200/2300 W; aportar foto legible de la placa.","La ficha oficial D28730-B3 indica 2300 W; el catálogo usa DW28730-B3 y 2200 W.","https://www.dewalt.com.mx/es-mx/producto/d28730-b3/cortadora-de-metal-de-14-355mm-con-cable
https://assets.dewalt.com.mx/GLOBALBOM/B3/D28730/1/Instruction_Manual/EN/NB075052_D28730_T1_LA.pdf"
"10911","FIELTRO FELPA ADHESIVO 300X360MM","F300X360","Sin marca","0","Consultar unidad","Herramientas","Media","Identidad o especificación insuficiente","Identificación insuficiente","Confirmar fabricante, material y espesor de la felpa 300 × 360 mm F300X360; aportar etiqueta y original de esa lámina. Indicar también la cantidad/unidad vendida.","La coincidencia de tamaño con una lámina Scotch no acredita marca, material ni espesor del producto local sin marca.",""
"115","LIJA DE BANDA 6X48X100 PABSA","6X48X100","Sin marca","0","Consultar unidad","Herramientas","Media","Identidad o especificación insuficiente","Identificación insuficiente","Aportar etiqueta de fabricante y referencia completa del abrasivo del inventario, que vincule el código local con marca/serie, medidas y grano. Incluir foto del producto real. Indicar también la cantidad/unidad vendida.","Se localizaron productos de medidas o familia similares bajo otras marcas/códigos; no se acreditó equivalencia con la referencia local.",""
"12014","FRESA AEG CORTE RECTO 1/4X1"" ESPIGO 1/4 MD116","MD116","Sin marca","0","unidad","Herramientas","Media","Identidad o especificación insuficiente","Identificación insuficiente","Aportar etiqueta o ficha de compra que identifique fabricante y modelo completo, diámetro, longitud, espigo, material y geometría de corte, junto con foto del artículo real.","Las fuentes consultadas no vinculan de forma suficiente la referencia local con un fabricante, modelo y variante únicos.",""
"12084","FRESA AEG CORTE RECTO 1/8 X 7/16 ESPIGO 1/4 MD108","MD108","Sin marca","0","unidad","Herramientas","Media","Identidad o especificación insuficiente","Identificación insuficiente","Aportar etiqueta o ficha de compra que identifique fabricante y modelo completo, diámetro, longitud, espigo, material y geometría de corte, junto con foto del artículo real.","Las fuentes consultadas no vinculan de forma suficiente la referencia local con un fabricante, modelo y variante únicos.",""
"12519","FRESA AEG CORTE RECTO 1/2 X 1.1/4 ESPIGO 1/2 MD140","MD140","Sin marca","0","unidad","Herramientas","Media","Identidad o especificación insuficiente","Identificación insuficiente","Aportar etiqueta o ficha de compra que identifique fabricante y modelo completo, diámetro, longitud, espigo, material y geometría de corte, junto con foto del artículo real.","Las fuentes consultadas no vinculan de forma suficiente la referencia local con un fabricante, modelo y variante únicos.",""
"13029","PULIDORA BOSH 4.1/2  710W 110V + 5 DISCOS","GWS700","Sin marca","0","unidad","Herramientas","Media","Identidad o especificación insuficiente","Identificación insuficiente","Aportar etiqueta o ficha de compra que identifique fabricante y modelo completo, diámetro/medidas, centro o acople, dientes/grano y uso, junto con foto del artículo real.","Las fuentes consultadas no vinculan de forma suficiente la referencia local con un fabricante, modelo y variante únicos.",""
"13934","EINH LIJADORA DE BANDA 3X21 TCSB 8038","4466258","Sin marca","0","Consultar unidad","Herramientas","Media","Identidad o especificación insuficiente","Identificación insuficiente","Aportar etiqueta o ficha de compra que identifique fabricante y serie, medidas, grano, material/soporte y presentación vendida, junto con foto del artículo real.","Las fuentes consultadas no vinculan de forma suficiente la referencia local con un fabricante, modelo y variante únicos.",""
"14480","EINHELL TALADRO ATORNILLADOR","4513486","EINHELL","0","unidad","Herramientas","Media","Identidad o especificación insuficiente","Identificación insuficiente","Aportar etiqueta o ficha de compra que identifique fabricante y modelo completo con sufijo regional, potencia/voltaje, capacidad y accesorios incluidos, junto con foto del artículo real.","Las fuentes consultadas no vinculan de forma suficiente la referencia local con un fabricante, modelo y variante únicos.",""
"15322","DISCO SIERRA MADECOR 10X300MM (12"") EJE 30MM Z96 DIENTES FREZITE","545340","Sin marca","0","unidad","Herramientas","Media","Identidad o especificación insuficiente","Identificación insuficiente","Aportar etiqueta o ficha de compra que identifique fabricante y modelo completo, diámetro/medidas, centro o acople, dientes/grano y uso, junto con foto del artículo real.","Las fuentes consultadas no vinculan de forma suficiente la referencia local con un fabricante, modelo y variante únicos.",""
"15745","EINHELL SIERRA DE MESA TC-TS 2025/1U REF4340492","4340492","EINHELL","0","unidad","Herramientas","Media","Identidad o especificación insuficiente","Identificación insuficiente","Aportar etiqueta o ficha de compra que identifique fabricante y modelo completo con sufijo regional, potencia/voltaje, capacidad y accesorios incluidos, junto con foto del artículo real.","Las fuentes consultadas no vinculan de forma suficiente la referencia local con un fabricante, modelo y variante únicos.",""
"15759","COMBO MAKITA ATORNILLADOR+TALADRO 3/8 (CLX228 -CL 106 )","CLX228 - CL 106","MAKITA","0","unidad","Herramientas","Media","Identidad o especificación insuficiente","Identificación insuficiente","Aportar etiqueta o ficha de compra que identifique fabricante y modelo completo con sufijo regional, potencia/voltaje, capacidad y accesorios incluidos, junto con foto del artículo real.","Las fuentes consultadas no vinculan de forma suficiente la referencia local con un fabricante, modelo y variante únicos.",""
"15795","TOTAL TALADRO INALAMBRICO DE 1/2""+2 PILASDE 4AMP+CARGADOR","UTIDIL20968","TOTAL","0","unidad","Herramientas","Media","Identidad o especificación insuficiente","Identificación insuficiente","Aportar etiqueta o ficha de compra que identifique fabricante y modelo completo con sufijo regional, potencia/voltaje, capacidad y accesorios incluidos, junto con foto del artículo real.","Las fuentes consultadas no vinculan de forma suficiente la referencia local con un fabricante, modelo y variante únicos.",""
"15835","TOTAL MARTILLO DE UÑA MINI MANGO FIBRA 8 OZ REF THCH610028D","THCH610028D","TOTAL","0","unidad","Herramientas","Media","Identidad o especificación insuficiente","Identificación insuficiente","Aportar etiqueta o ficha de compra que identifique fabricante y modelo completo, dimensiones, acabado y presentación vendida, junto con foto del artículo real.","Las fuentes/fotografías consultadas no verifican la mano y configuración exactas; no se espejó una pieza para representar otra variante.",""
"1863","FRESA WELLDONE P/REDONDEAR 1.1/2""","22772-31188","Sin marca","0","Consultar unidad","Herramientas","Media","Identidad o especificación insuficiente","Identificación insuficiente","Aportar etiqueta o ficha de compra que identifique fabricante y modelo completo, diámetro, longitud, espigo, material y geometría de corte, junto con foto del artículo real. Indicar también la cantidad/unidad vendida.","Las fuentes consultadas no vinculan de forma suficiente la referencia local con un fabricante, modelo y variante únicos.",""
"2050","FRESA WELLDONE  PROF C/RECTO 2 FI 1/4 EJE 1/2","12838","Sin marca","0","unidad","Herramientas","Media","Identidad o especificación insuficiente","Identificación insuficiente","Aportar etiqueta o ficha de compra que identifique fabricante y modelo completo, diámetro, longitud, espigo, material y geometría de corte, junto con foto del artículo real.","Las fuentes consultadas no vinculan de forma suficiente la referencia local con un fabricante, modelo y variante únicos.",""
"2052","FRESA WELLDONE PROF C/RECTO 2FIL 1/2","12848","Sin marca","0","unidad","Herramientas","Media","Identidad o especificación insuficiente","Identificación insuficiente","Aportar etiqueta o ficha de compra que identifique fabricante y modelo completo, diámetro, longitud, espigo, material y geometría de corte, junto con foto del artículo real.","Las fuentes consultadas no vinculan de forma suficiente la referencia local con un fabricante, modelo y variante únicos.",""
"2341","DEWALT RUTEADORA 1.3-4HP GUIA PARALELA","DW616-B","DEWALT","0","unidad","Herramientas","Media","Identidad o especificación insuficiente","Identificación insuficiente","Aportar etiqueta o ficha de compra que identifique fabricante y modelo completo, dimensiones, acabado y presentación vendida, junto con foto del artículo real.","Las fuentes consultadas no vinculan de forma suficiente la referencia local con un fabricante, modelo y variante únicos.",""
"3423","LIMA NICHOLSON ESCOFINA 10""","65-404","Sin marca","0","Consultar unidad","Herramientas","Media","Identidad o especificación insuficiente","Identificación insuficiente","Aportar etiqueta o ficha de compra que identifique fabricante y modelo completo, medidas, tipo de punta/perfil y acabado, junto con foto del artículo real. Indicar también la cantidad/unidad vendida.","Las fuentes consultadas no vinculan de forma suficiente la referencia local con un fabricante, modelo y variante únicos.",""
"3962","TOT LLAVE EXPANSIVA PICOLORO 12""","THT1010123","Sin marca","0","unidad","Herramientas","Media","Identidad o especificación insuficiente","Identificación insuficiente","Aportar etiqueta o ficha de compra que identifique fabricante y modelo completo, dimensiones, acabado y presentación vendida, junto con foto del artículo real.","Las fuentes consultadas no vinculan de forma suficiente la referencia local con un fabricante, modelo y variante únicos.",""
"5105","PRENSA EN C IFEL 100MM","64-704","Sin marca","0","Consultar unidad","Herramientas","Media","Identidad o especificación insuficiente","Identificación insuficiente","Aportar etiqueta o ficha de compra que identifique fabricante y modelo completo, dimensiones, acabado y presentación vendida, junto con foto del artículo real.","Las fuentes consultadas no vinculan de forma suficiente la referencia local con un fabricante, modelo y variante únicos.",""
"7682","PRENSA RAPIDA IFEL 8""","64-768","Sin marca","0","unidad","Herramientas","Media","Identidad o especificación insuficiente","Identificación insuficiente","Aportar etiqueta o ficha de compra que identifique fabricante y modelo completo, dimensiones, acabado y presentación vendida, junto con foto del artículo real.","Las fuentes consultadas no vinculan de forma suficiente la referencia local con un fabricante, modelo y variante únicos.",""
"7683","PRENSA RAPIDA IFEL 10""","64-770","Sin marca","0","unidad","Herramientas","Media","Identidad o especificación insuficiente","Identificación insuficiente","Aportar etiqueta o ficha de compra que identifique fabricante y modelo completo, dimensiones, acabado y presentación vendida, junto con foto del artículo real.","La imagen encontrada es compartida o agrupa variantes; no acredita por sí sola las medidas, acabado o configuración exactos de este SKU.",""
"8018","ESCUDO CROIX ANTITALADRO TK203","TK203","Sin marca","0","unidad","Herramientas","Media","Identidad o especificación insuficiente","Identificación insuficiente","Aportar etiqueta o ficha de compra que identifique fabricante y modelo completo con sufijo regional, potencia/voltaje, capacidad y accesorios incluidos, junto con foto del artículo real.","Las fuentes consultadas no vinculan de forma suficiente la referencia local con un fabricante, modelo y variante únicos.",""
"8169","AMANA CUCHILLA PLANEADORA  35X35X3","291045","Sin marca","0","unidad","Herramientas","Media","Identidad o especificación insuficiente","Identificación insuficiente","Aportar etiqueta o ficha de compra que identifique fabricante y modelo completo, dimensiones, acabado y presentación vendida, junto con foto del artículo real.","Las fuentes consultadas no vinculan de forma suficiente la referencia local con un fabricante, modelo y variante únicos.",""
"8366","REMACHADORA MP.TOOLS 10""","17126","Sin marca","0","Consultar unidad","Herramientas","Media","Identidad o especificación insuficiente","Identificación insuficiente","Aportar etiqueta o ficha de compra que identifique fabricante y modelo completo, dimensiones, acabado y presentación vendida, junto con foto del artículo real.","Las fuentes consultadas no vinculan de forma suficiente la referencia local con un fabricante, modelo y variante únicos.",""
"8719","PRENSA RAPIDA IFEL 16""","64-774","Sin marca","0","unidad","Herramientas","Media","Identidad o especificación insuficiente","Identificación insuficiente","Aportar etiqueta o ficha de compra que identifique fabricante y modelo completo, dimensiones, acabado y presentación vendida, junto con foto del artículo real.","Las fuentes consultadas no vinculan de forma suficiente la referencia local con un fabricante, modelo y variante únicos.",""
"9059","FRESA WELLDONE REBORDEAR SUPERIOR 5/8 BALINERA ABAJO COPIADO BASTAGO 1/4","-12444","Sin marca","0","Consultar unidad","Herramientas","Media","Conflicto de especificación o variante","Especificación en conflicto por confirmar","Confirmar posición de la balinera de WellDone 12444 con foto lateral y empaque; aclarar superior o abajo. Indicar también la cantidad/unidad vendida.","La fuente oficial 12444 es de rodamiento superior; el título local contiene tanto superior como balinera abajo.","https://welldonetools.com/fresa-corte-recto-con-rodamiento-de-uso-profesional/"
"9367","DESTORNILLADOR STANLEY 1/8 2.3/4","STHT69145","STANLEY","0","unidad","Herramientas","Media","Conflicto de especificación o variante","Especificación en conflicto por confirmar","Confirmar tipo de punta, medida y código Stanley con foto de empaque: el título dice 1/8 × 2-3/4 y STHT69145 corresponde a Phillips #2 × 4.","La ficha Stanley de STHT69145 y las dimensiones/tipo del título local no coinciden.","https://mx.stanleytools.global/producto/stht69145/destornillador-pro-punta-phillips-2-x-4-102mm"
"6248","PETO EN CARNAZA","PET-CUERINA","Sin marca","0","Consultar unidad","Seguridad Industrial","Media","Identidad o especificación insuficiente","Identificación insuficiente","Aportar etiqueta o ficha de compra que identifique fabricante y modelo completo, dimensiones, acabado y presentación vendida, junto con foto del artículo real.","Las fuentes consultadas no vinculan de forma suficiente la referencia local con un fabricante, modelo y variante únicos.",""
"13455","SOPORTE CUCHILLA COLGANTE 50CM (PAR)","ENGAENLI50","Sin marca","0","numero de pares","Tornillería y Fijación","Media","Identidad o especificación insuficiente","Identificación insuficiente","Aportar etiqueta o ficha de compra que identifique fabricante y modelo completo, medidas, acabado, geometría y piezas incluidas, junto con foto del artículo real.","Las fuentes consultadas no vinculan de forma suficiente la referencia local con un fabricante, modelo y variante únicos.",""
"13560","SOPORTE CUCHILLA COLGANTE 25CM","SC25CM","Sin marca","0","numero de pares","Tornillería y Fijación","Media","Identidad o especificación insuficiente","Identificación insuficiente","Aportar etiqueta o ficha de compra que identifique fabricante y modelo completo, medidas, acabado, geometría y piezas incluidas, junto con foto del artículo real.","Las fuentes consultadas no vinculan de forma suficiente la referencia local con un fabricante, modelo y variante únicos.",""
"1359","GRAPA CAMA  8 CMTS","GRAPA CAM. PEQ.","Sin marca","0","Consultar unidad","Tornillería y Fijación","Media","Identidad o especificación insuficiente","Identificación insuficiente","Aportar etiqueta o ficha de compra que identifique fabricante o proveedor, medidas, material/acabado, geometría y cantidad de piezas vendida, junto con foto del artículo real.","Las fuentes consultadas no vinculan de forma suficiente la referencia local con un fabricante, modelo y variante únicos.",""
"14607","TOPE DE PUERTA IMANTADO DE PARED","TP-3 - TOPE MAG-2","Sin marca","0","unidad","Tornillería y Fijación","Media","Identidad o especificación insuficiente","Identificación insuficiente","Aportar etiqueta o ficha de compra que identifique fabricante y modelo completo, medidas, acabado, geometría y piezas incluidas, junto con foto del artículo real.","Las fuentes consultadas no vinculan de forma suficiente la referencia local con un fabricante, modelo y variante únicos.",""
"14840","REJ SOPORTE COPAS CROMADO","38419","Sin marca","0","unidad","Tornillería y Fijación","Media","Identidad o especificación insuficiente","Identificación insuficiente","Aportar etiqueta o ficha de compra que identifique fabricante y modelo completo, medidas, acabado, geometría y piezas incluidas, junto con foto del artículo real.","Las fuentes consultadas no vinculan de forma suficiente la referencia local con un fabricante, modelo y variante únicos.",""
"5629","PUNTILLA ACERO 1"" (GUARDESCOBA)","10238077124","Sin marca","0","libra","Tornillería y Fijación","Media","Identidad o especificación insuficiente","Identificación insuficiente","Aportar etiqueta o ficha de compra que identifique fabricante o proveedor, medidas, material/acabado, geometría y cantidad de piezas vendida, junto con foto del artículo real.","Las fuentes consultadas no vinculan de forma suficiente la referencia local con un fabricante, modelo y variante únicos.",""
"5682","PUNTILLA CON CABEZA DE 1""","PUNCC1","Sin marca","0","libra","Tornillería y Fijación","Media","Identidad o especificación insuficiente","Identificación insuficiente","Aportar etiqueta o ficha de compra que identifique fabricante o proveedor, medidas, material/acabado, geometría y cantidad de piezas vendida, junto con foto del artículo real.","Las fuentes consultadas no vinculan de forma suficiente la referencia local con un fabricante, modelo y variante únicos.",""
"5693","PUNTILLA SIN CABEZA LIBRA DE 1""","PUNSC1","Sin marca","0","libra","Tornillería y Fijación","Media","Identidad o especificación insuficiente","Identificación insuficiente","Aportar etiqueta o ficha de compra que identifique fabricante o proveedor, medidas, material/acabado, geometría y cantidad de piezas vendida, junto con foto del artículo real.","Las fuentes consultadas no vinculan de forma suficiente la referencia local con un fabricante, modelo y variante únicos.",""
"5695","PUNTILLA SIN CABEZA LIBRA DE 1-1/2""","PUNSC1-1/2","Sin marca","0","libra","Tornillería y Fijación","Media","Identidad o especificación insuficiente","Identificación insuficiente","Aportar etiqueta o ficha de compra que identifique fabricante o proveedor, medidas, material/acabado, geometría y cantidad de piezas vendida, junto con foto del artículo real.","Las fuentes consultadas no vinculan de forma suficiente la referencia local con un fabricante, modelo y variante únicos.",""
"6450","TORNILLO AUTOPERF. TW 1-1/2X8","TW1-1/2X8  090301013C","Sin marca","0","unidad","Tornillería y Fijación","Media","Identidad o especificación insuficiente","Identificación insuficiente","Aportar etiqueta o ficha de compra que identifique fabricante o proveedor, medidas, material/acabado, geometría y cantidad de piezas vendida, junto con foto del artículo real.","Las fuentes consultadas no vinculan de forma suficiente la referencia local con un fabricante, modelo y variante únicos.",""
"6453","TORNILLO AUTOPERF. TW 1-1/4X8","TW1-1/4X8  090301012C","Sin marca","0","unidad","Tornillería y Fijación","Media","Identidad o especificación insuficiente","Identificación insuficiente","Aportar etiqueta o ficha de compra que identifique fabricante o proveedor, medidas, material/acabado, geometría y cantidad de piezas vendida, junto con foto del artículo real.","Las fuentes consultadas no vinculan de forma suficiente la referencia local con un fabricante, modelo y variante únicos.",""
"6455","TORNILLO AUTOPERF. TW 1.5/8X6","TW1.5/8X6","Sin marca","0","unidad","Tornillería y Fijación","Media","Identidad o especificación insuficiente","Identificación insuficiente","Aportar etiqueta o ficha de compra que identifique fabricante o proveedor, medidas, material/acabado, geometría y cantidad de piezas vendida, junto con foto del artículo real.","Las fuentes consultadas no vinculan de forma suficiente la referencia local con un fabricante, modelo y variante únicos.",""
"8710","AMARRE PLASTICO 12"" 30CM BLANCO","AP3048B","Sin marca","0","unidad","Tornillería y Fijación","Media","Identidad o especificación insuficiente","Identificación insuficiente","Aportar etiqueta o ficha de compra que identifique fabricante y modelo completo, dimensiones, acabado y presentación vendida, junto con foto del artículo real.","Las fuentes consultadas no vinculan de forma suficiente la referencia local con un fabricante, modelo y variante únicos.",""
"8758","TORNILLO AUTOPERF. TW 1-1/4X8 ZINCADO","TW1-1/4X8Z","Sin marca","0","Consultar unidad","Tornillería y Fijación","Media","Identidad o especificación insuficiente","Identificación insuficiente","Aportar etiqueta o ficha de compra que identifique fabricante o proveedor, medidas, material/acabado, geometría y cantidad de piezas vendida, junto con foto del artículo real.","Las fuentes consultadas no vinculan de forma suficiente la referencia local con un fabricante, modelo y variante únicos.",""
"9457","DESLIZADOR ROLLER TORNILLO 5/16 X 1","132T14AX1","Sin marca","0","conjunto","Tornillería y Fijación","Media","Identidad o especificación insuficiente","Identificación insuficiente","Aportar etiqueta o ficha de compra que identifique fabricante o proveedor, medidas, material/acabado, geometría y cantidad de piezas vendida, junto con foto del artículo real.","Las fuentes consultadas no vinculan de forma suficiente la referencia local con un fabricante, modelo y variante únicos.",""
"13544","CINTA TESA DOBLE FAZ FILMICA 3/4","43759","Sin marca","0","unidad","Adhesivos y Sellantes","Normal","Sin coincidencia exacta utilizable","Sin coincidencia exacta localizada","Solicitar al proveedor un original autorizado de esta referencia exacta y su etiqueta/ficha, donde consten fabricante y familia exacta, referencia, contenido/medidas, color y presentación vendida.","En las fuentes revisadas no se localizó un original individual que pudiera atribuirse con seguridad al título y referencia exactos.",""
"9473","CINTA DOBLE CARA 19MM X 10 METROS","11726","Sin marca","0","unidad","Adhesivos y Sellantes","Normal","Imagen retenida por derechos o marca de agua","Imagen retenida por derechos o marca de agua","Aportar foto propia o un original con permiso escrito del titular para publicar esta variante. Verificar fabricante y familia exacta, referencia, contenido/medidas, color y presentación vendida.","La fuente consultada limita el uso o reproducción del material. No se acreditó un original independiente con permiso compatible.",""
"0061","KL MORTIZ 60MM ANTITARJETEABLE + CILINDRO 60MM CROMADO","KL 300-60","KL","0","combo","Cerrajería","Normal","Sin coincidencia exacta utilizable","Sin coincidencia exacta localizada","Solicitar al proveedor un original autorizado de esta referencia exacta y su etiqueta/ficha, donde consten fabricante y modelo completo, acabado, mano, backset/medidas y función de ambas caras (llave, mariposa o privacidad).","En las fuentes revisadas no se localizó un original individual que pudiera atribuirse con seguridad al título y referencia exactos.",""
"0284","BISAGRA DE GOLPE PUERTA VIDRIO CROMADA (PAR)","BISGOL","Sin marca","0","numero de pares","Cerrajería","Normal","Sin coincidencia exacta utilizable","Fotografía o variante visual no verificada","Aportar foto individual autorizada del artículo real y de su etiqueta, que permita verificar fabricante y modelo completo, dimensiones, acabado, montaje, tipo de cierre y piezas incluidas por par.","La imagen encontrada es compartida o agrupa variantes; no acredita por sí sola las medidas, acabado o configuración exactos de este SKU.",""
"0543","CANDADO YALE ALEMAN 840","2001","YALE","0","unidad","Cerrajería","Normal","Sin coincidencia exacta utilizable","Fotografía o variante visual no verificada","Aportar foto individual autorizada del artículo real y de su etiqueta, que permita verificar fabricante y modelo completo, ancho del cuerpo, arco y acabado.","La imagen encontrada es compartida o agrupa variantes; no acredita por sí sola las medidas, acabado o configuración exactos de este SKU.",""
"0546","CANDADO YALE ITALIANO 110-40MM","1102","YALE","0","unidad","Cerrajería","Normal","Sin coincidencia exacta utilizable","Fotografía o variante visual no verificada","Aportar foto individual autorizada del artículo real y de su etiqueta, que permita verificar fabricante y modelo completo, ancho del cuerpo, arco y acabado.","La imagen encontrada es compartida o agrupa variantes; no acredita por sí sola las medidas, acabado o configuración exactos de este SKU.",""
"0809","CERRADURA A40S BELL WOOD GOLD","A40 BWG","Sin marca","0","unidad","Cerrajería","Normal","Conflicto de especificación o variante","Fotografía o variante visual no verificada","Aportar una foto autorizada de ambas caras y de la etiqueta de la cerradura de baño. Deben verse el mecanismo de privacidad y el acabado exacto.","Las imágenes encontradas muestran bocallave o mezclan variantes de entrada/alcoba y baño. El defecto de la foto no demuestra un error del catálogo.",""
"10849","CERRADURA KALE TK-282 RD-60-70 LLA-MANI","TK-282","Sin marca","0","Consultar unidad","Cerrajería","Normal","Sin coincidencia exacta utilizable","Sin coincidencia exacta localizada","Solicitar al proveedor un original autorizado de esta referencia exacta y su etiqueta/ficha, donde consten fabricante y modelo completo, acabado, mano, backset/medidas y función de ambas caras (llave, mariposa o privacidad). Indicar también la cantidad/unidad vendida.","En las fuentes revisadas no se localizó un original individual que pudiera atribuirse con seguridad al título y referencia exactos.",""
"10967","CILINDRO CROIX 60MM LLAVE-MARIPOSA CROMADO","CI-11","Sin marca","0","unidad","Cerrajería","Normal","Sin coincidencia exacta utilizable","Fotografía o variante visual no verificada","Aportar foto individual autorizada del artículo real y de su etiqueta, que permita verificar fabricante y modelo completo, acabado, mano, backset/medidas y función de ambas caras (llave, mariposa o privacidad).","La imagen encontrada es compartida o agrupa variantes; no acredita por sí sola las medidas, acabado o configuración exactos de este SKU.",""
"11810","BARRA ANT YALE SENCI 1PT SIN/MANIJA","-35010","YALE","0","unidad","Cerrajería","Normal","Sin coincidencia exacta utilizable","Sin coincidencia exacta localizada","Solicitar al proveedor un original autorizado de esta referencia exacta y su etiqueta/ficha, donde consten fabricante y modelo completo, acabado, dimensiones y distancia entre centros.","Las fuentes/fotografías consultadas no verifican la mano y configuración exactas; no se espejó una pieza para representar otra variante.",""
"12425","CERRADURA YALE MANIJA CAPRI ALCOBA","9053","YALE","0","unidad","Cerrajería","Normal","Sin coincidencia exacta utilizable","Fotografía o variante visual no verificada","Aportar foto individual autorizada del artículo real y de su etiqueta, que permita verificar fabricante y modelo completo, acabado, mano, backset/medidas y función de ambas caras (llave, mariposa o privacidad).","La imagen encontrada es compartida o agrupa variantes; no acredita por sí sola las medidas, acabado o configuración exactos de este SKU.",""
"12451","CERRADURA GATO PICOLORO LLAVE - MARIPOSA gt-786","778601","Sin marca","0","unidad","Cerrajería","Normal","Sin coincidencia exacta utilizable","Sin coincidencia exacta localizada","Solicitar al proveedor un original autorizado de esta referencia exacta y su etiqueta/ficha, donde consten fabricante y modelo completo, acabado, mano, backset/medidas y función de ambas caras (llave, mariposa o privacidad).","En las fuentes revisadas no se localizó un original individual que pudiera atribuirse con seguridad al título y referencia exactos.",""
"12782","CERRADURA MHA PICOLORO E3528 LL-LL","CER-058","MHA","0","unidad","Cerrajería","Normal","Sin coincidencia exacta utilizable","Sin coincidencia exacta localizada","Solicitar al proveedor un original autorizado de esta referencia exacta y su etiqueta/ficha, donde consten fabricante y modelo completo, acabado, mano, backset/medidas y función de ambas caras (llave, mariposa o privacidad).","En las fuentes revisadas no se localizó un original individual que pudiera atribuirse con seguridad al título y referencia exactos.",""
"13070","JUEGO MANIJAS CROIX TK 120 TIPO EUROPEO DELGADA","AC-6","Sin marca","0","unidad","Cerrajería","Normal","Sin coincidencia exacta utilizable","Sin coincidencia exacta localizada","Solicitar al proveedor un original autorizado de esta referencia exacta y su etiqueta/ficha, donde consten fabricante y modelo completo, acabado, dimensiones y distancia entre centros.","Las fuentes/fotografías consultadas no verifican la mano y configuración exactas; no se espejó una pieza para representar otra variante.",""
"1308","CERRADURA B-360 LL+MRP CROMO MATE","PTS02080CC","Sin marca","0","unidad","Cerrajería","Normal","Sin coincidencia exacta utilizable","Fotografía o variante visual no verificada","Aportar foto individual autorizada del artículo real y de su etiqueta, que permita verificar fabricante y modelo completo, acabado, mano, backset/medidas y función de ambas caras (llave, mariposa o privacidad).","La imagen encontrada es compartida o agrupa variantes; no acredita por sí sola las medidas, acabado o configuración exactos de este SKU.",""
"13084","CERRADURA YALE ELECTRICA IZQ 60MM KIT","10727","YALE","0","Consultar unidad","Cerrajería","Normal","Conflicto de especificación o variante","Fotografía o variante visual no verificada","Aportar fotografía autorizada de la cerradura izquierda exacta, con etiqueta y orientación del cuerpo visibles. No sirve una imagen derecha invertida. Indicar también la cantidad/unidad vendida.","Las imágenes encontradas para la referencia izquierda repiten geometría o archivo de la derecha. Se rechazó la fotografía; esto no prueba un error del catálogo.",""
"1311","CERRADURA B-362 LL+LL CROMO MATE","PTS02070CC","Sin marca","0","unidad","Cerrajería","Normal","Sin coincidencia exacta utilizable","Sin coincidencia exacta localizada","Solicitar al proveedor un original autorizado de esta referencia exacta y su etiqueta/ficha, donde consten fabricante y modelo completo, acabado, mano, backset/medidas y función de ambas caras (llave, mariposa o privacidad).","En las fuentes revisadas no se localizó un original individual que pudiera atribuirse con seguridad al título y referencia exactos.",""
"13478","CERRADURA MHA CAZOLETA PICOLORO 45MM LLAVE-LLAVE ALCOBA SL.15-ET","CER-040","MHA","0","unidad","Cerrajería","Normal","Conflicto de especificación o variante","Fotografía o variante visual no verificada","Aportar original de la MHA SL.15-ET de 45 mm con cilindro llave-llave, mostrando ambas caras y etiqueta del conjunto.","La imagen oficial candidata muestra mariposa interior, incompatible con la función llave-llave indicada. Se rechazó la imagen sin alterar el catálogo.",""
"13612","HAF CERRADURA MUEBLE NIQUELADA 24MM","23225620","Sin marca","0","unidad","Cerrajería","Normal","Sin coincidencia exacta utilizable","Sin coincidencia exacta localizada","Solicitar al proveedor un original autorizado de esta referencia exacta y su etiqueta/ficha, donde consten fabricante y modelo completo, acabado, mano, backset/medidas y función de ambas caras (llave, mariposa o privacidad).","En las fuentes revisadas no se localizó un original individual que pudiera atribuirse con seguridad al título y referencia exactos.",""
"13823","CERRADURA ARMSTRONG CLAVE 3 DIGITOS DERECHA 18-25MM","BK 102/25R","Sin marca","0","unidad","Cerrajería","Normal","Sin coincidencia exacta utilizable","Sin coincidencia exacta localizada","Solicitar al proveedor un original autorizado de esta referencia exacta y su etiqueta/ficha, donde consten fabricante y modelo completo, acabado, mano, backset/medidas y función de ambas caras (llave, mariposa o privacidad).","Las fuentes/fotografías consultadas no verifican la mano y configuración exactas; no se espejó una pieza para representar otra variante.",""
"14019","CERRADURA YALE 396 60 PLUS IZQUIERDA","3038","YALE","0","unidad","Cerrajería","Normal","Conflicto de especificación o variante","Fotografía o variante visual no verificada","Aportar fotografía autorizada de la cerradura izquierda exacta, con etiqueta y orientación del cuerpo visibles. No sirve una imagen derecha invertida.","Las imágenes encontradas para la referencia izquierda repiten geometría o archivo de la derecha. Se rechazó la fotografía; esto no prueba un error del catálogo.",""
"14026","HAF CERRADURA HAFELE TRAMPA D 12MM","23498600","Sin marca","0","unidad","Cerrajería","Normal","Sin coincidencia exacta utilizable","Sin coincidencia exacta localizada","Solicitar al proveedor un original autorizado de esta referencia exacta y su etiqueta/ficha, donde consten fabricante y modelo completo, acabado, mano, backset/medidas y función de ambas caras (llave, mariposa o privacidad).","En las fuentes revisadas no se localizó un original individual que pudiera atribuirse con seguridad al título y referencia exactos.",""
"14112","CERRADURA CROIX TK 205 CUERPO +CILINDRO 60MM SIN MANIJAS","CE-312","Sin marca","0","combo","Cerrajería","Normal","Imagen retenida por derechos o marca de agua","Imagen retenida por derechos o marca de agua","Aportar foto propia o un original con permiso escrito del titular para publicar esta variante. Verificar fabricante y modelo completo, acabado, mano, backset/medidas y función de ambas caras (llave, mariposa o privacidad).","El original revisado contiene una marca de agua, logotipo sobreimpreso o marca cuya autorización no se acreditó. No se eliminó la marca.",""
"14326","CERRADURA IDEACE MANIJA CUADRADA BAÑO NEGRA","GT-366NE","Sin marca","0","unidad","Cerrajería","Normal","Conflicto de especificación o variante","Fotografía o variante visual no verificada","Aportar una foto autorizada de ambas caras y de la etiqueta de la cerradura de baño. Deben verse el mecanismo de privacidad y el acabado exacto.","Las imágenes encontradas muestran bocallave o mezclan variantes de entrada/alcoba y baño. El defecto de la foto no demuestra un error del catálogo.",""
"14624","KL CERRRADURA PASADOR CUADRADO 45MM C/CIL 60 LL+LL","KL 45","KL","0","unidad","Cerrajería","Normal","Conflicto de especificación o variante","Fotografía o variante visual no verificada","Aportar original de KL45 de 45 mm con cilindro de 60 mm llave-llave, mostrando ambos lados del cilindro y etiqueta.","Las fuentes KL45 encontradas muestran llave-mariposa; no acreditan el conjunto LL+LL del catálogo.",""
"1504","HAF CERRADURA HAFELE MUEBLE 8MM","23226620","Sin marca","0","unidad","Cerrajería","Normal","Sin coincidencia exacta utilizable","Sin coincidencia exacta localizada","Solicitar al proveedor un original autorizado de esta referencia exacta y su etiqueta/ficha, donde consten fabricante y modelo completo, acabado, mano, backset/medidas y función de ambas caras (llave, mariposa o privacidad).","En las fuentes revisadas no se localizó un original individual que pudiera atribuirse con seguridad al título y referencia exactos.",""
"15081","CERRADURA KL MANIJA TUBULAR ALCOBA CROMADA KL 113A","KL 113A","KL","0","unidad","Cerrajería","Normal","Sin coincidencia exacta utilizable","Sin coincidencia exacta localizada","Solicitar al proveedor un original autorizado de esta referencia exacta y su etiqueta/ficha, donde consten fabricante y modelo completo, acabado, mano, backset/medidas y función de ambas caras (llave, mariposa o privacidad).","En las fuentes revisadas no se localizó un original individual que pudiera atribuirse con seguridad al título y referencia exactos.",""
"15082","CERRADURA KL MANIJA TUBULAR BAÑO CROMADA KL 113B","KL 113B","KL","0","unidad","Cerrajería","Normal","Conflicto de especificación o variante","Fotografía o variante visual no verificada","Aportar una foto autorizada de ambas caras y de la etiqueta de la cerradura de baño. Deben verse el mecanismo de privacidad y el acabado exacto.","Las imágenes encontradas muestran bocallave o mezclan variantes de entrada/alcoba y baño. El defecto de la foto no demuestra un error del catálogo.",""
"15087","CERRADURA AUXILIAR GANCHO KALE KALIT TK-267","CE-236","Sin marca","0","unidad","Cerrajería","Normal","Sin coincidencia exacta utilizable","Sin coincidencia exacta localizada","Solicitar al proveedor un original autorizado de esta referencia exacta y su etiqueta/ficha, donde consten fabricante y modelo completo, acabado, mano, backset/medidas y función de ambas caras (llave, mariposa o privacidad).","Las fuentes/fotografías consultadas no verifican la mano y configuración exactas; no se espejó una pieza para representar otra variante.",""
"15089","KL CERRADURA SOBREPONER DERECHA GANCHO PLUS SIN ROSETA","KL 1090D","KL","0","unidad","Cerrajería","Normal","Sin coincidencia exacta utilizable","Sin coincidencia exacta localizada","Solicitar al proveedor un original autorizado de esta referencia exacta y su etiqueta/ficha, donde consten fabricante y modelo completo, acabado, mano, backset/medidas y función de ambas caras (llave, mariposa o privacidad).","Las fuentes/fotografías consultadas no verifican la mano y configuración exactas; no se espejó una pieza para representar otra variante.",""
"15213","CERRADURA KALE TK-276T-68 ESCUDO TK 203 CILINDRO 70MM LL-LL MANIJAS TK 401 CROMADO","TK-276T-68","Sin marca","0","unidad","Cerrajería","Normal","Sin coincidencia exacta utilizable","Sin coincidencia exacta localizada","Solicitar al proveedor un original autorizado de esta referencia exacta y su etiqueta/ficha, donde consten fabricante y modelo completo, acabado, mano, backset/medidas y función de ambas caras (llave, mariposa o privacidad).","Las fuentes/fotografías consultadas no verifican la mano y configuración exactas; no se espejó una pieza para representar otra variante.",""
"15285","CANDADO GATO TIPO ITALIANO 63MM HIERRO","7CH63","Sin marca","0","unidad","Cerrajería","Normal","Sin coincidencia exacta utilizable","Sin coincidencia exacta localizada","Solicitar al proveedor un original autorizado de esta referencia exacta y su etiqueta/ficha, donde consten fabricante y modelo completo, ancho del cuerpo, arco y acabado.","La imagen encontrada es compartida o agrupa variantes; no acredita por sí sola las medidas, acabado o configuración exactos de este SKU.",""
"15306","FALLEBA PASADOR CADENA NEGRO 4""","GT-1058","Sin marca","0","unidad","Cerrajería","Normal","Sin coincidencia exacta utilizable","Sin coincidencia exacta localizada","Solicitar al proveedor un original autorizado de esta referencia exacta y su etiqueta/ficha, donde consten fabricante y modelo completo, medidas, acabado, geometría y piezas incluidas.","En las fuentes revisadas no se localizó un original individual que pudiera atribuirse con seguridad al título y referencia exactos.",""
"15357","CERRADURA MHA MANIJA CUADRADA BAÑO CROMADA","CER-038","MHA","0","unidad","Cerrajería","Normal","Conflicto de especificación o variante","Fotografía o variante visual no verificada","Aportar una foto autorizada de ambas caras y de la etiqueta de la cerradura de baño. Deben verse el mecanismo de privacidad y el acabado exacto.","Las imágenes encontradas muestran bocallave o mezclan variantes de entrada/alcoba y baño. El defecto de la foto no demuestra un error del catálogo.",""
"15518","CERRADURA MHA CAZOLETA PICOLORO NEGRA BAÑO 45MM SL151-BK","CER-039","MHA","0","unidad","Cerrajería","Normal","Sin coincidencia exacta utilizable","Sin coincidencia exacta localizada","Solicitar al proveedor un original autorizado de esta referencia exacta y su etiqueta/ficha, donde consten fabricante y modelo completo, acabado, mano, backset/medidas y función de ambas caras (llave, mariposa o privacidad).","En las fuentes revisadas no se localizó un original individual que pudiera atribuirse con seguridad al título y referencia exactos.",""
"15526","CERRADURA YES GUANTERA LLAVE AMAESTRADA","495-25KA","Sin marca","0","unidad","Cerrajería","Normal","Sin coincidencia exacta utilizable","Sin coincidencia exacta localizada","Solicitar al proveedor un original autorizado de esta referencia exacta y su etiqueta/ficha, donde consten fabricante y modelo completo, acabado, mano, backset/medidas y función de ambas caras (llave, mariposa o privacidad).","En las fuentes revisadas no se localizó un original individual que pudiera atribuirse con seguridad al título y referencia exactos.",""
"15639","YALE CERRADURA SOBREPONER VIDRIO MEDIA LUNA LL-LL","4563","YALE","0","unidad","Cerrajería","Normal","Sin coincidencia exacta utilizable","Sin coincidencia exacta localizada","Solicitar al proveedor un original autorizado de esta referencia exacta y su etiqueta/ficha, donde consten fabricante y modelo completo, acabado, mano, backset/medidas y función de ambas caras (llave, mariposa o privacidad).","En las fuentes revisadas no se localizó un original individual que pudiera atribuirse con seguridad al título y referencia exactos.",""
"15652","CERRADURA KALE TK-256-63","CE-243","Sin marca","0","unidad","Cerrajería","Normal","Sin coincidencia exacta utilizable","Sin coincidencia exacta localizada","Solicitar al proveedor un original autorizado de esta referencia exacta y su etiqueta/ficha, donde consten fabricante y modelo completo, acabado, mano, backset/medidas y función de ambas caras (llave, mariposa o privacidad).","Las fuentes/fotografías consultadas no verifican la mano y configuración exactas; no se espejó una pieza para representar otra variante.",""
"15737","CERRADURA YALE INSTITUCIONAL BODEGA REF9049","9049","YALE","0","unidad","Cerrajería","Normal","Sin coincidencia exacta utilizable","Sin coincidencia exacta localizada","Solicitar al proveedor un original autorizado de esta referencia exacta y su etiqueta/ficha, donde consten fabricante y modelo completo, acabado, mano, backset/medidas y función de ambas caras (llave, mariposa o privacidad).","La imagen encontrada es compartida o agrupa variantes; no acredita por sí sola las medidas, acabado o configuración exactos de este SKU.",""
"15751","PASADOR HOTELERO CRM 100 CROMADO","6579","Sin marca","0","unidad","Cerrajería","Normal","Sin coincidencia exacta utilizable","Sin coincidencia exacta localizada","Solicitar al proveedor un original autorizado de esta referencia exacta y su etiqueta/ficha, donde consten fabricante y modelo completo, medidas, acabado, geometría y piezas incluidas.","En las fuentes revisadas no se localizó un original individual que pudiera atribuirse con seguridad al título y referencia exactos.",""
"15818","CERRADURA MHA MANIJA CUADRADA TUBULAR PLUS ENTRADA SATIN REF CER-112","CER-112","MHA","0","unidad","Cerrajería","Normal","Sin coincidencia exacta utilizable","Sin coincidencia exacta localizada","Solicitar al proveedor un original autorizado de esta referencia exacta y su etiqueta/ficha, donde consten fabricante y modelo completo, acabado, mano, backset/medidas y función de ambas caras (llave, mariposa o privacidad).","En las fuentes revisadas no se localizó un original individual que pudiera atribuirse con seguridad al título y referencia exactos.",""
"15917","CERRADURA YALE-PHILLIPS SOBREPONER SUPER 70 IZQUIERDA","1700","YALE","0","unidad","Cerrajería","Normal","Sin coincidencia exacta utilizable","Sin coincidencia exacta localizada","Solicitar al proveedor un original autorizado de esta referencia exacta y su etiqueta/ficha, donde consten fabricante y modelo completo, acabado, mano, backset/medidas y función de ambas caras (llave, mariposa o privacidad).","Las fuentes/fotografías consultadas no verifican la mano y configuración exactas; no se espejó una pieza para representar otra variante.",""
"15988","KL MANIJON M2 TROM NEGRO","M2 BLACK","KL","0","unidad","Cerrajería","Normal","Sin coincidencia exacta utilizable","Sin coincidencia exacta localizada","Solicitar al proveedor un original autorizado de esta referencia exacta y su etiqueta/ficha, donde consten fabricante y modelo completo, dimensiones, acabado y presentación vendida.","En las fuentes revisadas no se localizó un original individual que pudiera atribuirse con seguridad al título y referencia exactos.",""
"4360","JUEGO MANIJAS CROIX TK 401 CROMADO REF 612","AC-5","Sin marca","0","unidad","Cerrajería","Normal","Sin coincidencia exacta utilizable","Sin coincidencia exacta localizada","Solicitar al proveedor un original autorizado de esta referencia exacta y su etiqueta/ficha, donde consten fabricante y modelo completo, acabado, dimensiones y distancia entre centros.","Las fuentes/fotografías consultadas no verifican la mano y configuración exactas; no se espejó una pieza para representar otra variante.",""
"7434","CERRADURA INAFER C-333 MEGA IZQUIERDA 3BARRAS","PTI03022VC","Sin marca","0","unidad","Cerrajería","Normal","Sin coincidencia exacta utilizable","Fotografía o variante visual no verificada","Aportar foto individual autorizada del artículo real y de su etiqueta, que permita verificar fabricante y modelo completo, acabado, mano, backset/medidas y función de ambas caras (llave, mariposa o privacidad).","La imagen encontrada es compartida o agrupa variantes; no acredita por sí sola las medidas, acabado o configuración exactos de este SKU.",""
"7470","CERRADURA CROIX TK-203 LLA-LLA NIQUEL","CE-6","Sin marca","0","unidad","Cerrajería","Normal","Sin coincidencia exacta utilizable","Sin coincidencia exacta localizada","Solicitar al proveedor un original autorizado de esta referencia exacta y su etiqueta/ficha, donde consten fabricante y modelo completo, acabado, mano, backset/medidas y función de ambas caras (llave, mariposa o privacidad).","En las fuentes revisadas no se localizó un original individual que pudiera atribuirse con seguridad al título y referencia exactos.",""
"7471","CERRADURA CROIX TK-203 NQ 3PA LLA-MARIPO","TK-203N","Sin marca","0","unidad","Cerrajería","Normal","Sin coincidencia exacta utilizable","Fotografía o variante visual no verificada","Aportar foto individual autorizada del artículo real y de su etiqueta, que permita verificar fabricante y modelo completo, acabado, mano, backset/medidas y función de ambas caras (llave, mariposa o privacidad).","La fotografía candidata no permite verificar la variante exacta del título y referencia. Su rechazo no demuestra un error del catálogo.",""
"8502","CERRADURA YALE EMBUTIR E25E 25MM","4060","YALE","0","unidad","Cerrajería","Normal","Sin coincidencia exacta utilizable","Fotografía o variante visual no verificada","Aportar foto individual autorizada del artículo real y de su etiqueta, que permita verificar fabricante y modelo completo, acabado, mano, backset/medidas y función de ambas caras (llave, mariposa o privacidad).","La imagen encontrada es compartida o agrupa variantes; no acredita por sí sola las medidas, acabado o configuración exactos de este SKU.",""
"9138","CERRADURA CROIX TK-201 PASADOR CUADRADO CROMADO","CE-2","Sin marca","0","unidad","Cerrajería","Normal","Sin coincidencia exacta utilizable","Fotografía o variante visual no verificada","Aportar foto individual autorizada del artículo real y de su etiqueta, que permita verificar fabricante y modelo completo, acabado, mano, backset/medidas y función de ambas caras (llave, mariposa o privacidad).","La imagen encontrada es compartida o agrupa variantes; no acredita por sí sola las medidas, acabado o configuración exactos de este SKU.",""
"1071","ENCHUFE 518 GRIS 2TOMAS 1HDMI 2USB","HFF518-00","Sin marca","0","unidad","Eléctrico","Normal","Sin coincidencia exacta utilizable","Sin coincidencia exacta localizada","Solicitar al proveedor un original autorizado de esta referencia exacta y su etiqueta/ficha, donde consten fabricante y modelo completo, medidas, potencia/capacidad eléctrica y configuración de conexión.","En las fuentes revisadas no se localizó un original individual que pudiera atribuirse con seguridad al título y referencia exactos.",""
"1551","ENCHUFE 518 NEGRO 2TOMAS 1HDMI 2USB","HFF518-01","Sin marca","0","unidad","Eléctrico","Normal","Sin coincidencia exacta utilizable","Sin coincidencia exacta localizada","Solicitar al proveedor un original autorizado de esta referencia exacta y su etiqueta/ficha, donde consten fabricante y modelo completo, medidas, potencia/capacidad eléctrica y configuración de conexión.","En las fuentes revisadas no se localizó un original individual que pudiera atribuirse con seguridad al título y referencia exactos.",""
"12055","TRAMPA COMPLETA CFM 1.20","TRA-CFM","Sin marca","0","unidad","Ferretería General","Normal","Sin coincidencia exacta utilizable","Sin coincidencia exacta localizada","Solicitar al proveedor un original autorizado de esta referencia exacta y su etiqueta/ficha, donde consten fabricante y modelo completo, dimensiones, acabado y presentación vendida.","En las fuentes revisadas no se localizó un original individual que pudiera atribuirse con seguridad al título y referencia exactos.",""
"12559","KIT ELECTROIMAN YALE 600 ZL","6668","YALE","0","unidad","Ferretería General","Normal","Sin coincidencia exacta utilizable","Sin coincidencia exacta localizada","Solicitar al proveedor un original autorizado de esta referencia exacta y su etiqueta/ficha, donde consten fabricante y modelo completo, dimensiones, acabado y presentación vendida.","En las fuentes revisadas no se localizó un original individual que pudiera atribuirse con seguridad al título y referencia exactos.",""
"13032","CIERRA PUERTA YALE A PISO Y150+BLOQUE","9446","YALE","0","Consultar unidad","Ferretería General","Normal","Sin coincidencia exacta utilizable","Sin coincidencia exacta localizada","Solicitar al proveedor un original autorizado de esta referencia exacta y su etiqueta/ficha, donde consten fabricante y modelo completo, dimensiones, acabado y presentación vendida.","En las fuentes revisadas no se localizó un original individual que pudiera atribuirse con seguridad al título y referencia exactos.",""
"13438","ESCUDO MHA 3096","ESC-3096","MHA","0","Consultar unidad","Ferretería General","Normal","Sin coincidencia exacta utilizable","Sin coincidencia exacta localizada","Solicitar al proveedor un original autorizado de esta referencia exacta y su etiqueta/ficha, donde consten fabricante y modelo completo, dimensiones, acabado y presentación vendida.","En las fuentes revisadas no se localizó un original individual que pudiera atribuirse con seguridad al título y referencia exactos.",""
"14808","PERCHERO SENCILLO MATE 80*20*57","N091","Sin marca","0","unidad","Ferretería General","Normal","Sin coincidencia exacta utilizable","Sin coincidencia exacta localizada","Solicitar al proveedor un original autorizado de esta referencia exacta y su etiqueta/ficha, donde consten fabricante y modelo completo, dimensiones, acabado y presentación vendida.","En las fuentes revisadas no se localizó un original individual que pudiera atribuirse con seguridad al título y referencia exactos.",""
"15146","KL ESCUDO H CROMADO REF KL-H PAR","KL-H","KL","0","numero de pares","Ferretería General","Normal","Sin coincidencia exacta utilizable","Sin coincidencia exacta localizada","Solicitar al proveedor un original autorizado de esta referencia exacta y su etiqueta/ficha, donde consten fabricante y modelo completo, dimensiones, acabado y presentación vendida.","En las fuentes revisadas no se localizó un original individual que pudiera atribuirse con seguridad al título y referencia exactos.",""
"15246","HERRAJE DE CAMA OCULTA VERTICAL DE 1MTR a 1.40MTRS","413516","Sin marca","0","unidad","Ferretería General","Normal","Sin coincidencia exacta utilizable","Sin coincidencia exacta localizada","Solicitar al proveedor un original autorizado de esta referencia exacta y su etiqueta/ficha, donde consten fabricante y modelo completo, dimensiones, acabado y presentación vendida.","En las fuentes revisadas no se localizó un original individual que pudiera atribuirse con seguridad al título y referencia exactos.",""
"15247","HERRAJE PARA PUERTA OCULTA DE 40CM","413503","Sin marca","0","unidad","Ferretería General","Normal","Sin coincidencia exacta utilizable","Sin coincidencia exacta localizada","Solicitar al proveedor un original autorizado de esta referencia exacta y su etiqueta/ficha, donde consten fabricante y modelo completo, dimensiones, acabado y presentación vendida.","En las fuentes revisadas no se localizó un original individual que pudiera atribuirse con seguridad al título y referencia exactos.",""
"15249","PUSH ID MODULARES NEGRO","413604","Sin marca","0","unidad","Ferretería General","Normal","Sin coincidencia exacta utilizable","Sin coincidencia exacta localizada","Solicitar al proveedor un original autorizado de esta referencia exacta y su etiqueta/ficha, donde consten fabricante y modelo completo, dimensiones, acabado y presentación vendida.","En las fuentes revisadas no se localizó un original individual que pudiera atribuirse con seguridad al título y referencia exactos.",""
"15251","HERRAJE CAMA OCULTA HORIZONTAL","413539","Sin marca","0","conjunto","Ferretería General","Normal","Sin coincidencia exacta utilizable","Sin coincidencia exacta localizada","Solicitar al proveedor un original autorizado de esta referencia exacta y su etiqueta/ficha, donde consten fabricante y modelo completo, dimensiones, acabado y presentación vendida.","En las fuentes revisadas no se localizó un original individual que pudiera atribuirse con seguridad al título y referencia exactos.",""
"15409","CORREDRA EXT. CLASSIC 30CM CIERRE LENTO","30ZCL","Sin marca","0","unidad","Ferretería General","Normal","Sin coincidencia exacta utilizable","Sin coincidencia exacta localizada","Solicitar al proveedor un original autorizado de esta referencia exacta y su etiqueta/ficha, donde consten fabricante y modelo completo, dimensiones, acabado y presentación vendida.","En las fuentes revisadas no se localizó un original individual que pudiera atribuirse con seguridad al título y referencia exactos.",""
"15889","BATERIA DIGITAL IPSUM IPM002 REFP-p+c+p+p-","REFP-p+c+p+p-","Sin marca","0","unidad","Ferretería General","Normal","Sin coincidencia exacta utilizable","Sin coincidencia exacta localizada","Solicitar al proveedor un original autorizado de esta referencia exacta y su etiqueta/ficha, donde consten fabricante y modelo completo con sufijo regional, potencia/voltaje, capacidad y accesorios incluidos.","En las fuentes revisadas no se localizó un original individual que pudiera atribuirse con seguridad al título y referencia exactos.",""
"15921","BASURERO GABINETE 40CM 2X18L 338X500X470","B-18LX2","Sin marca","0","unidad","Ferretería General","Normal","Sin coincidencia exacta utilizable","Sin coincidencia exacta localizada","Solicitar al proveedor un original autorizado de esta referencia exacta y su etiqueta/ficha, donde consten fabricante y modelo completo, dimensiones, acabado y presentación vendida.","En las fuentes revisadas no se localizó un original individual que pudiera atribuirse con seguridad al título y referencia exactos.",""
"5888","PISTOLA PARA PINTAR DE BAJA VOYLET 472 TARRO 1LT 36psi","759372","Sin marca","0","unidad","Ferretería General","Normal","Sin coincidencia exacta utilizable","Sin coincidencia exacta localizada","Solicitar al proveedor un original autorizado de esta referencia exacta y su etiqueta/ficha, donde consten fabricante y modelo completo, dimensiones, acabado y presentación vendida.","En las fuentes revisadas no se localizó un original individual que pudiera atribuirse con seguridad al título y referencia exactos.",""
"6354","ESCUADRA DECORADA ES-140P 20X280MM FUERTE PINTURA ELECTROESTATICA","ES-140 P E","Sin marca","0","unidad","Ferretería General","Normal","Conflicto de especificación o variante","Fotografía o variante visual no verificada","Aportar original autorizado de la referencia y acabado indicados en el título, con etiqueta y medidas. No usar una foto de otro acabado recoloreada.","La imagen de familia encontrada no acredita el acabado exacto del SKU; no se modificó color ni se sustituyó la variante.",""
"6428","TOPE MAGNETICO BLANCO","CMG-3","Sin marca","0","unidad","Ferretería General","Normal","Sin coincidencia exacta utilizable","Sin coincidencia exacta localizada","Solicitar al proveedor un original autorizado de esta referencia exacta y su etiqueta/ficha, donde consten fabricante y modelo completo, medidas, acabado, geometría y piezas incluidas.","En las fuentes revisadas no se localizó un original individual que pudiera atribuirse con seguridad al título y referencia exactos.",""
"8533","DILATADOR ACERO CLAS 3/4X3CM","GA02H19-3","Sin marca","0","Consultar unidad","Ferretería General","Normal","Sin coincidencia exacta utilizable","Sin coincidencia exacta localizada","Solicitar al proveedor un original autorizado de esta referencia exacta y su etiqueta/ficha, donde consten fabricante y modelo completo, medidas, acabado, geometría y piezas incluidas. Indicar también la cantidad/unidad vendida.","En las fuentes revisadas no se localizó un original individual que pudiera atribuirse con seguridad al título y referencia exactos.",""
"2301","MANIJA CISTERNA GRIVAL","937513331","Sin marca","0","Consultar unidad","Fontanería","Normal","Sin coincidencia exacta utilizable","Sin coincidencia exacta localizada","Solicitar al proveedor un original autorizado de esta referencia exacta y su etiqueta/ficha, donde consten fabricante y modelo completo, acabado, dimensiones y distancia entre centros. Indicar también la cantidad/unidad vendida.","Las fuentes/fotografías consultadas no verifican la mano y configuración exactas; no se espejó una pieza para representar otra variante.",""
"9306","SELLO LENGUETA TRANSPARENTE GRIVAL","2701332331","Sin marca","0","Consultar unidad","Fontanería","Normal","Sin coincidencia exacta utilizable","Sin coincidencia exacta localizada","Solicitar al proveedor un original autorizado de esta referencia exacta y su etiqueta/ficha, donde consten fabricante y modelo completo, dimensiones, acabado y presentación vendida.","En las fuentes revisadas no se localizó un original individual que pudiera atribuirse con seguridad al título y referencia exactos.",""
"10983","COCINA BASURERA DOS CUBOS SLOW MOTION","A41","Sin marca","0","unidad","Herrajes para Muebles","Normal","Identidad o especificación insuficiente","Fotografía o variante visual no verificada","Aportar original y ficha de A41 que permitan reconocer el mecanismo de cierre lento y contenido de dos cubos.","La fuente A41 comparte la foto con AB1127 de cierre normal; los cubos iguales no verifican el mecanismo.",""
"11213","BRAZO SALICE GAS 450N FLMGSE450","FLMGSE450","Sin marca","0","unidad","Herrajes para Muebles","Normal","Sin coincidencia exacta utilizable","Fotografía o variante visual no verificada","Aportar foto individual autorizada del artículo real y de su etiqueta, que permita verificar fabricante y modelo completo, fuerza/carga, recorrido, dimensiones y contenido del conjunto.","La imagen encontrada es compartida o agrupa variantes; no acredita por sí sola las medidas, acabado o configuración exactos de este SKU.",""
"11223","BRAZO SALICE GAS 350N FLMGSE350","FLMGSE350","Sin marca","0","unidad","Herrajes para Muebles","Normal","Sin coincidencia exacta utilizable","Fotografía o variante visual no verificada","Aportar foto individual autorizada del artículo real y de su etiqueta, que permita verificar fabricante y modelo completo, fuerza/carga, recorrido, dimensiones y contenido del conjunto.","La imagen encontrada es compartida o agrupa variantes; no acredita por sí sola las medidas, acabado o configuración exactos de este SKU.",""
"11314","BISAGRA PARCHE CLASICC (PAR)","PAR-CLAS","Sin marca","0","numero de pares","Herrajes para Muebles","Normal","Sin coincidencia exacta utilizable","Fotografía o variante visual no verificada","Aportar foto individual autorizada del artículo real y de su etiqueta, que permita verificar fabricante y modelo completo, dimensiones, acabado, montaje, tipo de cierre y piezas incluidas por par.","La imagen encontrada es compartida o agrupa variantes; no acredita por sí sola las medidas, acabado o configuración exactos de este SKU.",""
"11504","CORREDERA EXT. CLASIC 18"" 45 cm CIERRE SUAVE","45ZCL","Sin marca","0","numero de pares","Herrajes para Muebles","Normal","Sin coincidencia exacta utilizable","Sin coincidencia exacta localizada","Solicitar al proveedor un original autorizado de esta referencia exacta y su etiqueta/ficha, donde consten fabricante y modelo completo, longitud, carga, perfil y mecanismo de cierre.","En las fuentes revisadas no se localizó un original individual que pudiera atribuirse con seguridad al título y referencia exactos.",""
"11575","BRAZO NEUMATICO (t) 60 GRASS","T60GRAS","Sin marca","0","Consultar unidad","Herrajes para Muebles","Normal","Sin coincidencia exacta utilizable","Fotografía o variante visual no verificada","Aportar foto individual autorizada del artículo real y de su etiqueta, que permita verificar fabricante y modelo completo, fuerza/carga, recorrido, dimensiones y contenido del conjunto. Indicar también la cantidad/unidad vendida.","La imagen encontrada es compartida o agrupa variantes; no acredita por sí sola las medidas, acabado o configuración exactos de este SKU.",""
"11811","CORREDERA EXT. CLASIC 16"" 40 cm CIERRE SUAVE","40ZCL","Sin marca","0","numero de pares","Herrajes para Muebles","Normal","Sin coincidencia exacta utilizable","Sin coincidencia exacta localizada","Solicitar al proveedor un original autorizado de esta referencia exacta y su etiqueta/ficha, donde consten fabricante y modelo completo, longitud, carga, perfil y mecanismo de cierre.","En las fuentes revisadas no se localizó un original individual que pudiera atribuirse con seguridad al título y referencia exactos.",""
"11813","CORREDERA EXT. CLASIC 35CM 14"" CIERRE LENTO 37KG","3032-16CLAS","Sin marca","0","conjunto","Herrajes para Muebles","Normal","Sin coincidencia exacta utilizable","Sin coincidencia exacta localizada","Solicitar al proveedor un original autorizado de esta referencia exacta y su etiqueta/ficha, donde consten fabricante y modelo completo, longitud, carga, perfil y mecanismo de cierre.","En las fuentes revisadas no se localizó un original individual que pudiera atribuirse con seguridad al título y referencia exactos.",""
"11865","CORREDERA EXT. CLASIC 90CM 36"" 50KG","90ZTP","Sin marca","0","conjunto","Herrajes para Muebles","Normal","Sin coincidencia exacta utilizable","Sin coincidencia exacta localizada","Solicitar al proveedor un original autorizado de esta referencia exacta y su etiqueta/ficha, donde consten fabricante y modelo completo, longitud, carga, perfil y mecanismo de cierre.","En las fuentes revisadas no se localizó un original individual que pudiera atribuirse con seguridad al título y referencia exactos.",""
"11946","CORREDERA EXT. CLASIC 65CM 26"" 50KG","65Z","Sin marca","0","conjunto","Herrajes para Muebles","Normal","Sin coincidencia exacta utilizable","Sin coincidencia exacta localizada","Solicitar al proveedor un original autorizado de esta referencia exacta y su etiqueta/ficha, donde consten fabricante y modelo completo, longitud, carga, perfil y mecanismo de cierre.","En las fuentes revisadas no se localizó un original individual que pudiera atribuirse con seguridad al título y referencia exactos.",""
"12179","COCINA ESQUINA 8 CIERRE NORMAL DERECHA","WB2202SR","Sin marca","0","Consultar unidad","Herrajes para Muebles","Normal","Sin coincidencia exacta utilizable","Fotografía o variante visual no verificada","Aportar foto individual autorizada del artículo real y de su etiqueta, que permita verificar fabricante y modelo completo, medidas de cada eje, color/acabado, mano, cierre y piezas incluidas. Indicar también la cantidad/unidad vendida.","La imagen encontrada es compartida o agrupa variantes; no acredita por sí sola las medidas, acabado o configuración exactos de este SKU.",""
"12633","CORREDERA EXT. CLASIC 80CM 32"" 50KG","80ZTP","Sin marca","0","conjunto","Herrajes para Muebles","Normal","Sin coincidencia exacta utilizable","Sin coincidencia exacta localizada","Solicitar al proveedor un original autorizado de esta referencia exacta y su etiqueta/ficha, donde consten fabricante y modelo completo, longitud, carga, perfil y mecanismo de cierre.","En las fuentes revisadas no se localizó un original individual que pudiera atribuirse con seguridad al título y referencia exactos.",""
"15858","BISAGRA PARCHE ACERO CIERRE LENTO MAXI MAX144-CP-ING","MAX144-CP-ING","Sin marca","0","unidad","Herrajes para Muebles","Normal","Sin coincidencia exacta utilizable","Sin coincidencia exacta localizada","Solicitar al proveedor un original autorizado de esta referencia exacta y su etiqueta/ficha, donde consten fabricante y modelo completo, dimensiones, acabado, montaje, tipo de cierre y piezas incluidas por par.","En las fuentes revisadas no se localizó un original individual que pudiera atribuirse con seguridad al título y referencia exactos.",""
"15859","BISAGRA SEMI PARCHE ACERO CIERRE LENTO MAX144-CS-ING","MAX144-CS-ING","Sin marca","0","unidad","Herrajes para Muebles","Normal","Sin coincidencia exacta utilizable","Sin coincidencia exacta localizada","Solicitar al proveedor un original autorizado de esta referencia exacta y su etiqueta/ficha, donde consten fabricante y modelo completo, dimensiones, acabado, montaje, tipo de cierre y piezas incluidas por par.","En las fuentes revisadas no se localizó un original individual que pudiera atribuirse con seguridad al título y referencia exactos.",""
"2801","COCINA PLATERO FIJO 70CM","DSP700","Sin marca","0","Consultar unidad","Herrajes para Muebles","Normal","Sin coincidencia exacta utilizable","Fotografía o variante visual no verificada","Aportar foto individual autorizada del artículo real y de su etiqueta, que permita verificar fabricante y modelo completo, medidas de cada eje, color/acabado, mano, cierre y piezas incluidas. Indicar también la cantidad/unidad vendida.","La imagen encontrada es compartida o agrupa variantes; no acredita por sí sola las medidas, acabado o configuración exactos de este SKU.",""
"5777","MANIJA PM-0153","PM-0153","Sin marca","0","unidad","Herrajes para Muebles","Normal","Sin coincidencia exacta utilizable","Sin coincidencia exacta localizada","Solicitar al proveedor un original autorizado de esta referencia exacta y su etiqueta/ficha, donde consten fabricante y modelo completo, acabado, dimensiones y distancia entre centros.","Las fuentes/fotografías consultadas no verifican la mano y configuración exactas; no se espejó una pieza para representar otra variante.",""
"7202","COCINA PLATERO FEH 60CM","3103","Sin marca","0","unidad","Herrajes para Muebles","Normal","Sin coincidencia exacta utilizable","Fotografía o variante visual no verificada","Aportar foto individual autorizada del artículo real y de su etiqueta, que permita verificar fabricante y modelo completo, medidas de cada eje, color/acabado, mano, cierre y piezas incluidas.","La imagen encontrada es compartida o agrupa variantes; no acredita por sí sola las medidas, acabado o configuración exactos de este SKU.",""
"7851","COCINA ALACENA 36.5CM REF RYSOO7 DESCONT","RYS007A","Sin marca","0","Consultar unidad","Herrajes para Muebles","Normal","Sin coincidencia exacta utilizable","Sin coincidencia exacta localizada","Solicitar al proveedor un original autorizado de esta referencia exacta y su etiqueta/ficha, donde consten fabricante y modelo completo, medidas de cada eje, color/acabado, mano, cierre y piezas incluidas. Indicar también la cantidad/unidad vendida.","En las fuentes revisadas no se localizó un original individual que pudiera atribuirse con seguridad al título y referencia exactos.",""
"8012","COCINA CARRO LAT 48X22X56 CIE LE PTJ009G","5760","Sin marca","0","unidad","Herrajes para Muebles","Normal","Sin coincidencia exacta utilizable","Fotografía o variante visual no verificada","Aportar foto individual autorizada del artículo real y de su etiqueta, que permita verificar fabricante y modelo completo, medidas de cada eje, color/acabado, mano, cierre y piezas incluidas.","La imagen encontrada es compartida o agrupa variantes; no acredita por sí sola las medidas, acabado o configuración exactos de este SKU.",""
"8491","BRAZO NEUMATICO (t) 120 GRASS","RE-04","Sin marca","0","unidad","Herrajes para Muebles","Normal","Sin coincidencia exacta utilizable","Fotografía o variante visual no verificada","Aportar foto individual autorizada del artículo real y de su etiqueta, que permita verificar fabricante y modelo completo, fuerza/carga, recorrido, dimensiones y contenido del conjunto.","La imagen encontrada es compartida o agrupa variantes; no acredita por sí sola las medidas, acabado o configuración exactos de este SKU.",""
"9192","CORREDERA EXT.  JACK 24"" 60 CMS  75 LIBRAS","60ZJ","Sin marca","0","Consultar unidad","Herrajes para Muebles","Normal","Sin coincidencia exacta utilizable","Sin coincidencia exacta localizada","Solicitar al proveedor un original autorizado de esta referencia exacta y su etiqueta/ficha, donde consten fabricante y modelo completo, longitud, carga, perfil y mecanismo de cierre. Indicar también la cantidad/unidad vendida.","En las fuentes revisadas no se localizó un original individual que pudiera atribuirse con seguridad al título y referencia exactos.",""
"9697","CORREDERA EXT. CLASIC 28"" 70CM 50KG","70ZTP","Sin marca","0","conjunto","Herrajes para Muebles","Normal","Sin coincidencia exacta utilizable","Sin coincidencia exacta localizada","Solicitar al proveedor un original autorizado de esta referencia exacta y su etiqueta/ficha, donde consten fabricante y modelo completo, longitud, carga, perfil y mecanismo de cierre.","En las fuentes revisadas no se localizó un original individual que pudiera atribuirse con seguridad al título y referencia exactos.",""
"10475","JUEGO SIERRA IMPV3 PIEZAS","894301","Sin marca","0","conjunto","Herramientas","Normal","Sin coincidencia exacta utilizable","Sin coincidencia exacta localizada","Solicitar al proveedor un original autorizado de esta referencia exacta y su etiqueta/ficha, donde consten fabricante y modelo completo, medidas, acople, dientes y componentes/cantidad vendidos.","En las fuentes revisadas no se localizó un original individual que pudiera atribuirse con seguridad al título y referencia exactos.",""
"10947","BROCA IRWIN 1/16","42370","IRWIN","0","Consultar unidad","Herramientas","Normal","Sin coincidencia exacta utilizable","Fotografía o variante visual no verificada","Aportar foto individual autorizada del artículo real y de su etiqueta, que permita verificar fabricante y modelo completo, diámetro, longitud, espigo, material y geometría de corte. Indicar también la cantidad/unidad vendida.","La imagen encontrada es compartida o agrupa variantes; no acredita por sí sola las medidas, acabado o configuración exactos de este SKU.",""
"10949","BROCA IRWIN 3/32","IW1110","IRWIN","0","unidad","Herramientas","Normal","Sin coincidencia exacta utilizable","Fotografía o variante visual no verificada","Aportar foto individual autorizada del artículo real y de su etiqueta, que permita verificar fabricante y modelo completo, diámetro, longitud, espigo, material y geometría de corte.","La imagen encontrada es compartida o agrupa variantes; no acredita por sí sola las medidas, acabado o configuración exactos de este SKU.",""
"10954","BROCA IRWIN 11/64","IW1115","IRWIN","0","unidad","Herramientas","Normal","Sin coincidencia exacta utilizable","Fotografía o variante visual no verificada","Aportar foto individual autorizada del artículo real y de su etiqueta, que permita verificar fabricante y modelo completo, diámetro, longitud, espigo, material y geometría de corte.","La imagen encontrada es compartida o agrupa variantes; no acredita por sí sola las medidas, acabado o configuración exactos de este SKU.",""
"11204","DESTORNILLADOR STANLEY PALA 5/16X6","69-121","STANLEY","0","unidad","Herramientas","Normal","Imagen retenida por derechos o marca de agua","Imagen retenida por derechos o marca de agua","Aportar foto propia o un original con permiso escrito del titular para publicar esta variante. Verificar fabricante y modelo completo, medidas, tipo de punta/perfil y acabado.","El original revisado contiene una marca de agua, logotipo sobreimpreso o marca cuya autorización no se acreditó. No se eliminó la marca.",""
"11985","FRESA AGE CORTE RECTO 1/2X2"" ESPIGO 1/2 MD144","MD144","Sin marca","0","unidad","Herramientas","Normal","Fuente o acceso restringido","Fuente o acceso restringido","Solicitar al proveedor el original autorizado y su ficha/etiqueta por un canal permitido. Deben confirmar fabricante y modelo completo, diámetro, longitud, espigo, material y geometría de corte.","Se identificó una fuente candidata, pero una restricción de acceso impidió obtener o revisar el original exacto. No se eludió esa restricción.",""
"12166","DEWALT COMBO TALADRO PERCUTOR 1/2"" 710W + PULIDORA 4.1/2"" 750W","DWD024-B3AA","DEWALT","0","combo","Herramientas","Normal","Imagen retenida por derechos o marca de agua","Imagen retenida por derechos o marca de agua","Aportar foto propia o un original con permiso escrito del titular para publicar esta variante. Verificar fabricante y modelo completo con sufijo regional, potencia/voltaje, capacidad y accesorios incluidos.","El original revisado contiene una marca de agua, logotipo sobreimpreso o marca cuya autorización no se acreditó. No se eliminó la marca.",""
"133","LIJA PABSA PULIMETA 4"" GRANULO 100","4X100M","Sin marca","0","Consultar unidad","Herramientas","Normal","Sin coincidencia exacta utilizable","Sin coincidencia exacta localizada","Solicitar al proveedor un original autorizado de esta referencia exacta y su etiqueta/ficha, donde consten fabricante y serie, medidas, grano, material/soporte y presentación vendida.","En las fuentes revisadas no se localizó un original individual que pudiera atribuirse con seguridad al título y referencia exactos.",""
"13941","LIJA DE BANDA R219 #120 4X24","0214620","Sin marca","0","banda","Herramientas","Normal","Sin coincidencia exacta utilizable","Sin coincidencia exacta localizada","Solicitar al proveedor un original autorizado de esta referencia exacta y su etiqueta/ficha, donde consten fabricante y serie, medidas, grano, material/soporte y presentación vendida.","En las fuentes revisadas no se localizó un original individual que pudiera atribuirse con seguridad al título y referencia exactos.",""
"14117","EINHELL TALADRO ATORNILLADOR TE-CD 12 VO","4513592","EINHELL","0","unidad","Herramientas","Normal","Fuente o acceso restringido","Fuente o acceso restringido","Solicitar al proveedor el original autorizado y su ficha/etiqueta por un canal permitido. Deben confirmar fabricante y modelo completo con sufijo regional, potencia/voltaje, capacidad y accesorios incluidos.","Se identificó una fuente candidata, pero una restricción de acceso impidió obtener o revisar el original exacto. No se eludió esa restricción.",""
"1413","CAT CUCHILLA PARA MADERA Y METAL ENSAMBLE (PAR)","DA07005","Sin marca","0","numero de pares","Herramientas","Normal","Fuente o acceso restringido","Fuente o acceso restringido","Solicitar al proveedor el original autorizado y su ficha/etiqueta por un canal permitido. Deben confirmar fabricante y modelo completo, dimensiones, acabado y presentación vendida.","Se identificó una fuente candidata, pero una restricción de acceso impidió obtener o revisar el original exacto. No se eludió esa restricción.",""
"14309","FRESA AMANA CORTE 3/32 ESP 1/4","45192","Sin marca","0","unidad","Herramientas","Normal","Imagen retenida por derechos o marca de agua","Imagen retenida por derechos o marca de agua","Aportar foto propia o un original con permiso escrito del titular para publicar esta variante. Verificar fabricante y modelo completo, diámetro, longitud, espigo, material y geometría de corte.","La fuente consultada limita el uso o reproducción del material. No se acreditó un original independiente con permiso compatible.",""
"14747","FRESA WELLDONE CORTE 3/8 3FILOS","12540","Sin marca","0","Consultar unidad","Herramientas","Normal","Sin coincidencia exacta utilizable","Sin coincidencia exacta localizada","Solicitar al proveedor un original autorizado de esta referencia exacta y su etiqueta/ficha, donde consten fabricante y modelo completo, diámetro, longitud, espigo, material y geometría de corte. Indicar también la cantidad/unidad vendida.","En las fuentes revisadas no se localizó un original individual que pudiera atribuirse con seguridad al título y referencia exactos.",""
"14749","FRESA WELLDONE CORTE 1/2 3FILOS","12546","Sin marca","0","Consultar unidad","Herramientas","Normal","Sin coincidencia exacta utilizable","Sin coincidencia exacta localizada","Solicitar al proveedor un original autorizado de esta referencia exacta y su etiqueta/ficha, donde consten fabricante y modelo completo, diámetro, longitud, espigo, material y geometría de corte. Indicar también la cantidad/unidad vendida.","En las fuentes revisadas no se localizó un original individual que pudiera atribuirse con seguridad al título y referencia exactos.",""
"14750","FRESA WELLDONE CORTE 8MM 2FILOS","12426","Sin marca","0","unidad","Herramientas","Normal","Sin coincidencia exacta utilizable","Sin coincidencia exacta localizada","Solicitar al proveedor un original autorizado de esta referencia exacta y su etiqueta/ficha, donde consten fabricante y modelo completo, diámetro, longitud, espigo, material y geometría de corte.","En las fuentes revisadas no se localizó un original individual que pudiera atribuirse con seguridad al título y referencia exactos.",""
"14802","FRESA WELLDONE REDONDEAR 3/4","12763","Sin marca","0","unidad","Herramientas","Normal","Fuente o acceso restringido","Fuente o acceso restringido","Solicitar al proveedor el original autorizado y su ficha/etiqueta por un canal permitido. Deben confirmar fabricante y modelo completo, diámetro, longitud, espigo, material y geometría de corte.","Se identificó una fuente candidata, pero una restricción de acceso impidió obtener o revisar el original exacto. No se eludió esa restricción.",""
"15336","pretul juego de sierra copas 12","26037","PRETUL","0","unidad","Herramientas","Normal","Imagen retenida por derechos o marca de agua","Imagen retenida por derechos o marca de agua","Aportar foto propia o un original con permiso escrito del titular para publicar esta variante. Verificar fabricante y modelo completo, medidas, acople, dientes y componentes/cantidad vendidos.","La fuente consultada limita el uso o reproducción del material. No se acreditó un original independiente con permiso compatible.",""
"15670","DISCOVER TALADRO PERCUTOR 1/2"" 850W","EID449","Sin marca","0","unidad","Herramientas","Normal","Imagen retenida por derechos o marca de agua","Imagen retenida por derechos o marca de agua","Aportar foto propia o un original con permiso escrito del titular para publicar esta variante. Verificar fabricante y modelo completo, diámetro/medidas, centro o acople, dientes/grano y uso.","El original revisado contiene una marca de agua, logotipo sobreimpreso o marca cuya autorización no se acreditó. No se eliminó la marca.",""
"15862","FRESA FOSTNER 35MM CON TOPE MAX187","MAX187","Sin marca","0","unidad","Herramientas","Normal","Sin coincidencia exacta utilizable","Sin coincidencia exacta localizada","Solicitar al proveedor un original autorizado de esta referencia exacta y su etiqueta/ficha, donde consten fabricante y modelo completo, diámetro, longitud, espigo, material y geometría de corte.","En las fuentes revisadas no se localizó un original individual que pudiera atribuirse con seguridad al título y referencia exactos.",""
"15863","FRESA PARA REBORDEAR 1""X3 CM DE ALTO X 1/4 X 1/7","MAXI90","Sin marca","0","unidad","Herramientas","Normal","Sin coincidencia exacta utilizable","Sin coincidencia exacta localizada","Solicitar al proveedor un original autorizado de esta referencia exacta y su etiqueta/ficha, donde consten fabricante y modelo completo, diámetro, longitud, espigo, material y geometría de corte.","En las fuentes revisadas no se localizó un original individual que pudiera atribuirse con seguridad al título y referencia exactos.",""
"15909","FRESA MAXI CORTE 1/2","MAXI88","Sin marca","0","unidad","Herramientas","Normal","Sin coincidencia exacta utilizable","Sin coincidencia exacta localizada","Solicitar al proveedor un original autorizado de esta referencia exacta y su etiqueta/ficha, donde consten fabricante y modelo completo, diámetro, longitud, espigo, material y geometría de corte.","En las fuentes revisadas no se localizó un original individual que pudiera atribuirse con seguridad al título y referencia exactos.",""
"15910","FRESA MAXI CORTE 5/8","MAXI89","Sin marca","0","unidad","Herramientas","Normal","Sin coincidencia exacta utilizable","Sin coincidencia exacta localizada","Solicitar al proveedor un original autorizado de esta referencia exacta y su etiqueta/ficha, donde consten fabricante y modelo completo, diámetro, longitud, espigo, material y geometría de corte.","En las fuentes revisadas no se localizó un original individual que pudiera atribuirse con seguridad al título y referencia exactos.",""
"15991","COMBO PULIDORA INDUSTRIAL 4-1/2 950W (DISCOS,LENTES,GUANTES ) REF101456","101456","Sin marca","0","combo","Herramientas","Normal","Imagen retenida por derechos o marca de agua","Imagen retenida por derechos o marca de agua","Aportar foto propia o un original con permiso escrito del titular para publicar esta variante. Verificar fabricante y modelo completo, diámetro/medidas, centro o acople, dientes/grano y uso.","La fuente consultada limita el uso o reproducción del material. No se acreditó un original independiente con permiso compatible.",""
"1843","BROCA CON REDUCCION 1/2X5/8","880401111145","Sin marca","0","Consultar unidad","Herramientas","Normal","Sin coincidencia exacta utilizable","Fotografía o variante visual no verificada","Aportar foto individual autorizada del artículo real y de su etiqueta, que permita verificar fabricante y modelo completo, diámetro, longitud, espigo, material y geometría de corte. Indicar también la cantidad/unidad vendida.","La imagen encontrada es compartida o agrupa variantes; no acredita por sí sola las medidas, acabado o configuración exactos de este SKU.",""
"1917","FRESA WELLDONE CORTE 3/8 ESP 1/2 2""LARGO EJE 1/2","12870","Sin marca","0","unidad","Herramientas","Normal","Sin coincidencia exacta utilizable","Sin coincidencia exacta localizada","Solicitar al proveedor un original autorizado de esta referencia exacta y su etiqueta/ficha, donde consten fabricante y modelo completo, diámetro, longitud, espigo, material y geometría de corte.","En las fuentes revisadas no se localizó un original individual que pudiera atribuirse con seguridad al título y referencia exactos.",""
"2431","CUCHILLO DE ZAPATERIA 2","28-020","Sin marca","0","unidad","Herramientas","Normal","Sin coincidencia exacta utilizable","Fotografía o variante visual no verificada","Aportar foto individual autorizada del artículo real y de su etiqueta, que permita verificar fabricante y modelo completo, dimensiones, acabado y presentación vendida.","La imagen encontrada es compartida o agrupa variantes; no acredita por sí sola las medidas, acabado o configuración exactos de este SKU.",""
"2699","MAKITA ATORNILLADOR 4.8V","6723DW","MAKITA","0","unidad","Herramientas","Normal","Fuente o acceso restringido","Fuente o acceso restringido","Solicitar al proveedor el original autorizado y su ficha/etiqueta por un canal permitido. Deben confirmar fabricante y modelo completo con sufijo regional, potencia/voltaje, capacidad y accesorios incluidos.","Se identificó una fuente candidata, pero una restricción de acceso impidió obtener o revisar el original exacto. No se eludió esa restricción.",""
"2787","CAT PULIDORA INHALAMBRICA BRUSHLE 4.1/2 18V","DX31B","Sin marca","0","unidad","Herramientas","Normal","Sin coincidencia exacta utilizable","Sin coincidencia exacta localizada","Solicitar al proveedor un original autorizado de esta referencia exacta y su etiqueta/ficha, donde consten fabricante y modelo completo con sufijo regional, potencia/voltaje, capacidad y accesorios incluidos.","En las fuentes revisadas no se localizó un original individual que pudiera atribuirse con seguridad al título y referencia exactos.",""
"2788","WES MULTIHERRAMIENTA OSCILANTE 300W WESC","WS5123U","Sin marca","0","Consultar unidad","Herramientas","Normal","Fuente o acceso restringido","Fuente o acceso restringido","Solicitar al proveedor el original autorizado y su ficha/etiqueta por un canal permitido. Deben confirmar fabricante y modelo completo, dimensiones, acabado y presentación vendida.","Se identificó una fuente candidata, pero una restricción de acceso impidió obtener o revisar el original exacto. No se eludió esa restricción.",""
"3255","CAT LIJADORA DE PALMA  240W 1/4","DX471U","Sin marca","0","unidad","Herramientas","Normal","Fuente o acceso restringido","Fuente o acceso restringido","Solicitar al proveedor el original autorizado y su ficha/etiqueta por un canal permitido. Deben confirmar fabricante y serie, medidas, grano, material/soporte y presentación vendida.","Se identificó una fuente candidata, pero una restricción de acceso impidió obtener o revisar el original exacto. No se eludió esa restricción.",""
"3272","WORK TALADRO ATORNILLADOR INHAL 3/1 12V","WX104.1","Sin marca","0","Consultar unidad","Herramientas","Normal","Sin coincidencia exacta utilizable","Sin coincidencia exacta localizada","Solicitar al proveedor un original autorizado de esta referencia exacta y su etiqueta/ficha, donde consten fabricante y modelo completo con sufijo regional, potencia/voltaje, capacidad y accesorios incluidos. Indicar también la cantidad/unidad vendida.","En las fuentes revisadas no se localizó un original individual que pudiera atribuirse con seguridad al título y referencia exactos.",""
"3684","FORMON MADERA 3/4 BRASIL","16-111","Sin marca","0","unidad","Herramientas","Normal","Conflicto de especificación o variante","Fotografía o variante visual no verificada","Aportar original autorizado de Stanley 16-111 de 19 mm/3/4, con la medida visible.","La página coincide con 16-111, pero su foto muestra 25 mm. Se rechazó la foto; no demuestra que la medida del catálogo sea incorrecta.","https://ferreterialuispenagos.com/tienda/formon-plano-mango-plastico-3-4-stanley-16-111/"
"3741","WORK SIERRA CALADO+SABLE INALA 20V WORK","WX550","Sin marca","0","Consultar unidad","Herramientas","Normal","Fuente o acceso restringido","Fuente o acceso restringido","Solicitar al proveedor el original autorizado y su ficha/etiqueta por un canal permitido. Deben confirmar fabricante y modelo completo con sufijo regional, potencia/voltaje, capacidad y accesorios incluidos. Indicar también la cantidad/unidad vendida.","Se identificó una fuente candidata, pero una restricción de acceso impidió obtener o revisar el original exacto. No se eludió esa restricción.",""
"4594","DISCO SIERRA 12""X60 DIENTES CENTRO 1"" MADERA","18312","Sin marca","0","unidad","Herramientas","Normal","Imagen retenida por derechos o marca de agua","Imagen retenida por derechos o marca de agua","Aportar foto propia o un original con permiso escrito del titular para publicar esta variante. Verificar fabricante y modelo completo, diámetro/medidas, centro o acople, dientes/grano y uso.","La fuente consultada limita el uso o reproducción del material. No se acreditó un original independiente con permiso compatible.",""
"5930","PUNTA ESTRELLA IRWIN #2 1/4.X3.1/2","93025","IRWIN","0","unidad","Herramientas","Normal","Sin coincidencia exacta utilizable","Sin coincidencia exacta localizada","Solicitar al proveedor un original autorizado de esta referencia exacta y su etiqueta/ficha, donde consten fabricante y modelo completo, medidas, tipo de punta/perfil y acabado.","En las fuentes revisadas no se localizó un original individual que pudiera atribuirse con seguridad al título y referencia exactos.",""
"8047","TOTAL LIJADORA INDUSTRIAL ROTO ORBI 5""","UTF2031256","TOTAL","0","unidad","Herramientas","Normal","Fuente o acceso restringido","Fuente o acceso restringido","Solicitar al proveedor el original autorizado y su ficha/etiqueta por un canal permitido. Deben confirmar fabricante y serie, medidas, grano, material/soporte y presentación vendida.","Se identificó una fuente candidata, pero una restricción de acceso impidió obtener o revisar el original exacto. No se eludió esa restricción.",""
"8359","BROCA PARA VIDRIO 1/4""X2-1/4"" D-78520","D-78520","Sin marca","0","unidad","Herramientas","Normal","Imagen retenida por derechos o marca de agua","Imagen retenida por derechos o marca de agua","Aportar foto propia o un original con permiso escrito del titular para publicar esta variante. Verificar fabricante y modelo completo, diámetro, longitud, espigo, material y geometría de corte.","El original revisado contiene una marca de agua, logotipo sobreimpreso o marca cuya autorización no se acreditó. No se eliminó la marca.",""
"10840","RESPIRADOR PROFESIONAL CON CARTUCHOS PINTURA","13731","Sin marca","0","unidad","Seguridad Industrial","Normal","Imagen retenida por derechos o marca de agua","Imagen retenida por derechos o marca de agua","Aportar foto propia o un original con permiso escrito del titular para publicar esta variante. Verificar fabricante y modelo completo, talla, material, color y componentes incluidos.","La fuente consultada limita el uso o reproducción del material. No se acreditó un original independiente con permiso compatible.",""
"12225","GAFA  LENTE CLARO ANTIEMPAÑANTE","100VL50016","Sin marca","0","unidad","Seguridad Industrial","Normal","Sin coincidencia exacta utilizable","Sin coincidencia exacta localizada","Solicitar al proveedor un original autorizado de esta referencia exacta y su etiqueta/ficha, donde consten fabricante y modelo completo, talla, material, color y componentes incluidos.","En las fuentes revisadas no se localizó un original individual que pudiera atribuirse con seguridad al título y referencia exactos.",""
"13789","GUANTE ZUBIOLA TALLA 8","11916708","Sin marca","0","numero de pares","Seguridad Industrial","Normal","Conflicto de especificación o variante","Fotografía o variante visual no verificada","Aportar foto individual autorizada de Zubi-ola 11916708, con TALLA 8 y color del inventario legibles.","La tabla del fabricante confirma 11916708 como talla 8, pero la foto revisada muestra 11916709/TALLA 9. El problema es la foto del proveedor, no un error probado del catálogo.","https://totalsafetyco.com/producto/guante-poliester-poliuretano-flexpoly-zubi-ola-11916709-t-9-11916708-t-8-11916707-t-7-11916706-t-6/
https://ferricentro.com/guante-poliester-recubierto-poliuretano-azul-talla-8-ff-0000031620
https://zubi-ola.com/producto/guantes-poliester-recubiertos-en-poliuretano-%E2%80%A2-dip-normal-%E2%80%A2-flexpoly-nueva-opcion-de-color/"
"8488","ARNES CINTURON","083T6111","Sin marca","0","Consultar unidad","Seguridad Industrial","Normal","Sin coincidencia exacta utilizable","Sin coincidencia exacta localizada","Solicitar al proveedor un original autorizado de esta referencia exacta y su etiqueta/ficha, donde consten fabricante y modelo completo, dimensiones, acabado y presentación vendida.","En las fuentes revisadas no se localizó un original individual que pudiera atribuirse con seguridad al título y referencia exactos.",""
